Using pre-set license
Built from '2020.3/staging' branch; Version is '2020.3.18f1 (a7d1c678663c) revision 10998214'; Using compiler version '192528614'; Build Type 'Release'
OS: 'Windows 10 Home; OS build 19041.1415; Version 2004; 64bit' Language: 'ko' Physical Memory: 16323 MB
BatchMode: 1, IsHumanControllingUs: 0, StartBugReporterOnCrash: 0, Is64bit: 1, IsPro: 0

COMMAND LINE ARGUMENTS:
C:\Program Files\Unity\Hub\Editor\2020.3.18f1\Editor\Unity.exe
-adb2
-batchMode
-noUpm
-name
AssetImportWorker0
-projectPath
D:/_EJ/Unity/Emotion/EmotionCrista/Crista
-logFile
Logs/AssetImportWorker0.log
-srvPort
61513
Successfully changed project path to: D:/_EJ/Unity/Emotion/EmotionCrista/Crista
D:/_EJ/Unity/Emotion/EmotionCrista/Crista
Using Asset Import Pipeline V2.
Refreshing native plugins compatible for Editor in 77.08 ms, found 3 plugins.
Preloading 0 native plugins for Editor in 0.00 ms.
Initialize engine version: 2020.3.18f1 (a7d1c678663c)
[Subsystems] Discovering subsystems at path C:/Program Files/Unity/Hub/Editor/2020.3.18f1/Editor/Data/Resources/UnitySubsystems
[Subsystems] Discovering subsystems at path D:/_EJ/Unity/Emotion/EmotionCrista/Crista/Assets
GfxDevice: creating device client; threaded=0
Direct3D:
    Version:  Direct3D 11.0 [level 11.1]
    Renderer: NVIDIA GeForce GTX 1060 3GB (ID=0x1c02)
    Vendor:   
    VRAM:     2988 MB
    Driver:   30.0.14.7141
Initialize mono
Mono path[0] = 'C:/Program Files/Unity/Hub/Editor/2020.3.18f1/Editor/Data/Managed'
Mono path[1] = 'C:/Program Files/Unity/Hub/Editor/2020.3.18f1/Editor/Data/MonoBleedingEdge/lib/mono/unityjit'
Mono config path = 'C:/Program Files/Unity/Hub/Editor/2020.3.18f1/Editor/Data/MonoBleedingEdge/etc'
Using monoOptions --debugger-agent=transport=dt_socket,embedding=1,server=y,suspend=n,address=127.0.0.1:56456
Begin MonoManager ReloadAssembly
Registering precompiled unity dll's ...
Register platform support module: C:/Program Files/Unity/Hub/Editor/2020.3.18f1/Editor/Data/PlaybackEngines/WebGLSupport/UnityEditor.WebGL.Extensions.dll
Register platform support module: C:/Program Files/Unity/Hub/Editor/2020.3.18f1/Editor/Data/PlaybackEngines/WindowsStandaloneSupport/UnityEditor.WindowsStandalone.Extensions.dll
Registered in 0.004592 seconds.
Native extension for WindowsStandalone target not found
Native extension for WebGL target not found
Refreshing native plugins compatible for Editor in 77.15 ms, found 3 plugins.
Preloading 0 native plugins for Editor in 0.00 ms.
Mono: successfully reloaded assembly
- Completed reload, in  2.244 seconds
Domain Reload Profiling:
	ReloadAssembly (2244ms)
		BeginReloadAssembly (100ms)
			ExecutionOrderSort (0ms)
			DisableScriptedObjects (0ms)
			BackupInstance (0ms)
			ReleaseScriptingObjects (0ms)
			CreateAndSetChildDomain (1ms)
		EndReloadAssembly (791ms)
			LoadAssemblies (97ms)
			RebuildTransferFunctionScriptingTraits (0ms)
			SetupTypeCache (292ms)
			ReleaseScriptCaches (0ms)
			RebuildScriptCaches (59ms)
			SetupLoadedEditorAssemblies (302ms)
				LogAssemblyErrors (0ms)
				InitializePlatformSupportModulesInManaged (9ms)
				SetLoadedEditorAssemblies (0ms)
				RefreshPlugins (77ms)
				BeforeProcessingInitializeOnLoad (22ms)
				ProcessInitializeOnLoadAttributes (140ms)
				ProcessInitializeOnLoadMethodAttributes (52ms)
				AfterProcessingInitializeOnLoad (0ms)
				EditorAssembliesLoaded (0ms)
			ExecutionOrderSort2 (0ms)
			AwakeInstancesAfterBackupRestoration (0ms)
Platform modules already initialized, skipping
Registering precompiled user dll's ...
Registered in 0.003884 seconds.
Begin MonoManager ReloadAssembly
Native extension for WindowsStandalone target not found
Native extension for WebGL target not found
Refreshing native plugins compatible for Editor in 77.58 ms, found 3 plugins.
Preloading 0 native plugins for Editor in 0.00 ms.
Mono: successfully reloaded assembly
- Completed reload, in  2.019 seconds
Domain Reload Profiling:
	ReloadAssembly (2020ms)
		BeginReloadAssembly (273ms)
			ExecutionOrderSort (0ms)
			DisableScriptedObjects (8ms)
			BackupInstance (0ms)
			ReleaseScriptingObjects (0ms)
			CreateAndSetChildDomain (32ms)
		EndReloadAssembly (1632ms)
			LoadAssemblies (169ms)
			RebuildTransferFunctionScriptingTraits (0ms)
			SetupTypeCache (548ms)
			ReleaseScriptCaches (1ms)
			RebuildScriptCaches (87ms)
			SetupLoadedEditorAssemblies (615ms)
				LogAssemblyErrors (0ms)
				InitializePlatformSupportModulesInManaged (9ms)
				SetLoadedEditorAssemblies (0ms)
				RefreshPlugins (78ms)
				BeforeProcessingInitializeOnLoad (130ms)
				ProcessInitializeOnLoadAttributes (364ms)
				ProcessInitializeOnLoadMethodAttributes (21ms)
				AfterProcessingInitializeOnLoad (12ms)
				EditorAssembliesLoaded (0ms)
			ExecutionOrderSort2 (0ms)
			AwakeInstancesAfterBackupRestoration (12ms)
Platform modules already initialized, skipping
========================================================================
Worker process is ready to serve import requests
Launched and connected shader compiler UnityShaderCompiler.exe after 0.15 seconds
Refreshing native plugins compatible for Editor in 0.67 ms, found 3 plugins.
Preloading 0 native plugins for Editor in 0.00 ms.
Unloading 2100 Unused Serialized files (Serialized files now loaded: 0)
System memory in use before: 93.4 MB.
System memory in use after: 93.4 MB.

Unloading 26 unused Assets to reduce memory usage. Loaded Objects now: 2541.
Total: 6.321400 ms (FindLiveObjects: 0.456700 ms CreateObjectMapping: 0.338600 ms MarkObjects: 5.416500 ms  DeleteObjects: 0.107600 ms)

AssetImportParameters requested are different than current active one (requested -> active):
  custom:framework-win-MediaFoundation: 216162199b28c13a410421893ffa2e32 -> 
  custom:video-decoder-ogg-theora: a1e56fd34408186e4bbccfd4996cb3dc -> 
  custom:container-muxer-webm: aa71ff27fc2769a1b78a27578f13a17b -> 
  custom:container-demuxer-webm: 4f35f7cbe854078d1ac9338744f61a02 -> 
  custom:container-demuxer-ogg: 62fdf1f143b41e24485cea50d1cbac27 -> 
  custom:video-encoder-webm-vp8: eb34c28f22e8b96e1ab97ce403110664 -> 
  custom:video-decoder-webm-vp8: 9c59270c3fd7afecdb556c50c9e8de78 -> 
  custom:audio-decoder-ogg-vorbis: bf7c407c2cedff20999df2af8eb42d56 -> 
  custom:audio-encoder-webm-vorbis: bf7c407c2cedff20999df2af8eb42d56 -> 
========================================================================
Received Import Request.
  path: Assets/Resources/Minigame/gemsparkle
  artifactKey: Guid(0b242c122daeeb64caba0f3c6c6b4686) Importer(815301076,1909f56bfc062723c751e8b465ee728b)
Start importing Assets/Resources/Minigame/gemsparkle using Guid(0b242c122daeeb64caba0f3c6c6b4686) Importer(815301076,1909f56bfc062723c751e8b465ee728b)  -> (artifact id: 'b110fd567b6355a6b46b1ae4dd525c11') in 0.028032 seconds 
  Import took 0.034284 seconds .

========================================================================
Received Import Request.
  Time since last request: 135.470207 seconds.
  path: Assets/Animations
  artifactKey: Guid(28ef88d66dc2e724cae1f496715233cb) Importer(815301076,1909f56bfc062723c751e8b465ee728b)
Start importing Assets/Animations using Guid(28ef88d66dc2e724cae1f496715233cb) Importer(815301076,1909f56bfc062723c751e8b465ee728b)  -> (artifact id: '2df03ef9fe2ca311f98d594afa4bb4a4') in 0.010121 seconds 
  Import took 0.017008 seconds .

========================================================================
Received Import Request.
  Time since last request: 476.649449 seconds.
  path: Packages/com.unity.2d.animation/Editor/Assets/SkinningModule/Icons/Selected/Sprite_Mode@3x.png
  artifactKey: Guid(ea833d779996e3244b3b567764be9cf0) Importer(815301076,1909f56bfc062723c751e8b465ee728b)
Start importing Packages/com.unity.2d.animation/Editor/Assets/SkinningModule/Icons/Selected/Sprite_Mode@3x.png using Guid(ea833d779996e3244b3b567764be9cf0) Importer(815301076,1909f56bfc062723c751e8b465ee728b)  -> (artifact id: '56c48ee63383a85d07d790abc980c45b') in 0.202286 seconds 
  Import took 0.209509 seconds .

========================================================================
Received Import Request.
  Time since last request: 0.000434 seconds.
  path: Packages/com.unity.2d.animation/Editor/Assets/SkinningModule/Icons/Light/Sprite_Mode@4x.png
  artifactKey: Guid(554a30a45860f494ca38586c54b7e5d9) Importer(815301076,1909f56bfc062723c751e8b465ee728b)
Start importing Packages/com.unity.2d.animation/Editor/Assets/SkinningModule/Icons/Light/Sprite_Mode@4x.png using Guid(554a30a45860f494ca38586c54b7e5d9) Importer(815301076,1909f56bfc062723c751e8b465ee728b)  -> (artifact id: 'e93685ca832a039174338dd6a208d7af') in 0.068035 seconds 
  Import took 0.072978 seconds .

========================================================================
Received Import Request.
  Time since last request: 0.000309 seconds.
  path: Packages/com.unity.2d.animation/Editor/Assets/SkinningModule/Icons/Light/Sprite_Mode@3x.png
  artifactKey: Guid(71d8b2e508f1d9947ba51013600a5eac) Importer(815301076,1909f56bfc062723c751e8b465ee728b)
Start importing Packages/com.unity.2d.animation/Editor/Assets/SkinningModule/Icons/Light/Sprite_Mode@3x.png using Guid(71d8b2e508f1d9947ba51013600a5eac) Importer(815301076,1909f56bfc062723c751e8b465ee728b)  -> (artifact id: '255dbdddbee1819ae608c3b5564cb19c') in 0.032897 seconds 
  Import took 0.039935 seconds .

========================================================================
Received Import Request.
  Time since last request: 0.000500 seconds.
  path: Packages/com.unity.2d.animation/Editor/Assets/SkinningModule/Icons/Selected/Sprite_Mode@2x.png
  artifactKey: Guid(ff2aa9ebc8aee604caa5f8459ac4ae43) Importer(815301076,1909f56bfc062723c751e8b465ee728b)
Start importing Packages/com.unity.2d.animation/Editor/Assets/SkinningModule/Icons/Selected/Sprite_Mode@2x.png using Guid(ff2aa9ebc8aee604caa5f8459ac4ae43) Importer(815301076,1909f56bfc062723c751e8b465ee728b)  -> (artifact id: 'e5ab5769035345639ad6c3e61643e860') in 0.034555 seconds 
  Import took 0.040906 seconds .

========================================================================
Received Import Request.
  Time since last request: 0.051614 seconds.
  path: Packages/com.unity.2d.animation/Editor/Assets/SkinningModule/Icons/Selected/Sprite_Mode.png
  artifactKey: Guid(ca778bc7303b24948abf3e907abbf2a0) Importer(815301076,1909f56bfc062723c751e8b465ee728b)
Start importing Packages/com.unity.2d.animation/Editor/Assets/SkinningModule/Icons/Selected/Sprite_Mode.png using Guid(ca778bc7303b24948abf3e907abbf2a0) Importer(815301076,1909f56bfc062723c751e8b465ee728b)  -> (artifact id: '2d3c670e9326929567c3cd4a20507890') in 0.030038 seconds 
  Import took 0.035147 seconds .

========================================================================
Received Import Request.
  Time since last request: 0.000320 seconds.
  path: Packages/com.unity.2d.animation/Editor/Assets/SkinningModule/Icons/Light/Sprite_Mode@2x.png
  artifactKey: Guid(cfe99a1afb609b4488d6fc9224a62f74) Importer(815301076,1909f56bfc062723c751e8b465ee728b)
Start importing Packages/com.unity.2d.animation/Editor/Assets/SkinningModule/Icons/Light/Sprite_Mode@2x.png using Guid(cfe99a1afb609b4488d6fc9224a62f74) Importer(815301076,1909f56bfc062723c751e8b465ee728b)  -> (artifact id: '8b1e9c8f00b0b860e2f1e83fa85dcaa7') in 0.034703 seconds 
  Import took 0.040703 seconds .

========================================================================
Received Import Request.
  Time since last request: 0.000348 seconds.
  path: Packages/com.unity.2d.spriteshape/Editor/ObjectMenuCreation/DefaultAssets/Textures/Sprite Shape Corner.png
  artifactKey: Guid(608e61deb05c54660bebf5a4dd2ee02d) Importer(815301076,1909f56bfc062723c751e8b465ee728b)
Start importing Packages/com.unity.2d.spriteshape/Editor/ObjectMenuCreation/DefaultAssets/Textures/Sprite Shape Corner.png using Guid(608e61deb05c54660bebf5a4dd2ee02d) Importer(815301076,1909f56bfc062723c751e8b465ee728b)  -> (artifact id: '01a2ebbeec389b8a61a10cc1cb240c03') in 0.040792 seconds 
  Import took 0.046097 seconds .

========================================================================
Received Import Request.
  Time since last request: 0.000327 seconds.
  path: Packages/com.unity.2d.animation/Editor/Assets/SkinningModule/Icons/Light/Sprite_Mode.png
  artifactKey: Guid(2ad84ec7182471b4d8c44de568e22df4) Importer(815301076,1909f56bfc062723c751e8b465ee728b)
Start importing Packages/com.unity.2d.animation/Editor/Assets/SkinningModule/Icons/Light/Sprite_Mode.png using Guid(2ad84ec7182471b4d8c44de568e22df4) Importer(815301076,1909f56bfc062723c751e8b465ee728b)  -> (artifact id: '371fd6c0c7761288413dd969b9cb2125') in 0.031674 seconds 
  Import took 0.037733 seconds .

========================================================================
Received Import Request.
  Time since last request: 0.000293 seconds.
  path: Packages/com.unity.2d.spriteshape/Editor/ObjectMenuCreation/DefaultAssets/Textures/Sprite Shape Fill.png
  artifactKey: Guid(b281b91a70a624a0da1c43adc1c30c7b) Importer(815301076,1909f56bfc062723c751e8b465ee728b)
Start importing Packages/com.unity.2d.spriteshape/Editor/ObjectMenuCreation/DefaultAssets/Textures/Sprite Shape Fill.png using Guid(b281b91a70a624a0da1c43adc1c30c7b) Importer(815301076,1909f56bfc062723c751e8b465ee728b)  -> (artifact id: '76feae810168a0f633a50a1de7e77f73') in 0.026483 seconds 
  Import took 0.031762 seconds .

========================================================================
Received Import Request.
  Time since last request: 0.000344 seconds.
  path: Packages/com.unity.2d.animation/Editor/Assets/SkinningModule/Icons/Selected/Split_Edge@4x.png
  artifactKey: Guid(8272ea7c59da847458432e7c88bf7766) Importer(815301076,1909f56bfc062723c751e8b465ee728b)
Start importing Packages/com.unity.2d.animation/Editor/Assets/SkinningModule/Icons/Selected/Split_Edge@4x.png using Guid(8272ea7c59da847458432e7c88bf7766) Importer(815301076,1909f56bfc062723c751e8b465ee728b)  -> (artifact id: '41a645521f7c0815a19d2db4da828353') in 0.032973 seconds 
  Import took 0.038691 seconds .

========================================================================
Received Import Request.
  Time since last request: 0.102224 seconds.
  path: Packages/com.unity.2d.animation/Editor/Assets/SkinningModule/Icons/Light/Split_Edge@3x.png
  artifactKey: Guid(4d2d8fb4fc2041441980b4ec253532b0) Importer(815301076,1909f56bfc062723c751e8b465ee728b)
Start importing Packages/com.unity.2d.animation/Editor/Assets/SkinningModule/Icons/Light/Split_Edge@3x.png using Guid(4d2d8fb4fc2041441980b4ec253532b0) Importer(815301076,1909f56bfc062723c751e8b465ee728b)  -> (artifact id: '1f11374dbd266c80f3c6f09be68e878e') in 0.035341 seconds 
  Import took 0.040592 seconds .

========================================================================
Received Import Request.
  Time since last request: 0.000314 seconds.
  path: Packages/com.unity.2d.animation/Editor/Assets/SkinningModule/Icons/Light/Split_Edge@2x.png
  artifactKey: Guid(3c84cd9c7ddd51c4b959d02c41aced07) Importer(815301076,1909f56bfc062723c751e8b465ee728b)
Start importing Packages/com.unity.2d.animation/Editor/Assets/SkinningModule/Icons/Light/Split_Edge@2x.png using Guid(3c84cd9c7ddd51c4b959d02c41aced07) Importer(815301076,1909f56bfc062723c751e8b465ee728b)  -> (artifact id: '40760160a5f76f20dd1af605a9642e3c') in 0.029619 seconds 
  Import took 0.035440 seconds .

========================================================================
Received Import Request.
  Time since last request: 0.000309 seconds.
  path: Packages/com.unity.2d.animation/Editor/Assets/SkinningModule/Icons/Selected/Split_Edge@2x.png
  artifactKey: Guid(2f12c9758dad4e34ea8bc886f1fdb0dd) Importer(815301076,1909f56bfc062723c751e8b465ee728b)
Start importing Packages/com.unity.2d.animation/Editor/Assets/SkinningModule/Icons/Selected/Split_Edge@2x.png using Guid(2f12c9758dad4e34ea8bc886f1fdb0dd) Importer(815301076,1909f56bfc062723c751e8b465ee728b)  -> (artifact id: 'f6d40b75ffd87545c10d2ef29e3b1a7f') in 0.022143 seconds 
  Import took 0.027408 seconds .

========================================================================
Received Import Request.
  Time since last request: 0.000397 seconds.
  path: Packages/com.unity.2d.animation/Editor/Assets/SkinningModule/Icons/Selected/Split Bones@4x.png
  artifactKey: Guid(518ded92e5dbf494e8f76a74d752272e) Importer(815301076,1909f56bfc062723c751e8b465ee728b)
Start importing Packages/com.unity.2d.animation/Editor/Assets/SkinningModule/Icons/Selected/Split Bones@4x.png using Guid(518ded92e5dbf494e8f76a74d752272e) Importer(815301076,1909f56bfc062723c751e8b465ee728b)  -> (artifact id: '7536478a0d61553ff14b39648c6a98df') in 0.027987 seconds 
  Import took 0.033233 seconds .

========================================================================
Received Import Request.
  Time since last request: 0.000308 seconds.
  path: Packages/com.unity.2d.animation/Editor/Assets/SkinningModule/Icons/Selected/Split_Edge.png
  artifactKey: Guid(8800032f7e7cdd544b74849c80ce05d4) Importer(815301076,1909f56bfc062723c751e8b465ee728b)
Start importing Packages/com.unity.2d.animation/Editor/Assets/SkinningModule/Icons/Selected/Split_Edge.png using Guid(8800032f7e7cdd544b74849c80ce05d4) Importer(815301076,1909f56bfc062723c751e8b465ee728b)  -> (artifact id: '7ec9b760d067185256b26553815350c2') in 0.029068 seconds 
  Import took 0.034506 seconds .

========================================================================
Received Import Request.
  Time since last request: 0.000376 seconds.
  path: Packages/com.unity.2d.animation/Editor/Assets/SkinningModule/Icons/Selected/Split_Edge@3x.png
  artifactKey: Guid(7764b2bf79a49894e8ea10f3d661a4ed) Importer(815301076,1909f56bfc062723c751e8b465ee728b)
Start importing Packages/com.unity.2d.animation/Editor/Assets/SkinningModule/Icons/Selected/Split_Edge@3x.png using Guid(7764b2bf79a49894e8ea10f3d661a4ed) Importer(815301076,1909f56bfc062723c751e8b465ee728b)  -> (artifact id: '92e208eb53b0d80c2d8b8065e7dc0c4d') in 0.022966 seconds 
  Import took 0.029181 seconds .

========================================================================
Received Import Request.
  Time since last request: 0.000330 seconds.
  path: Packages/com.unity.2d.animation/Editor/Assets/SkinningModule/Icons/Light/Split_Edge.png
  artifactKey: Guid(900065f34a33d2e478bf93a0191f68de) Importer(815301076,1909f56bfc062723c751e8b465ee728b)
Start importing Packages/com.unity.2d.animation/Editor/Assets/SkinningModule/Icons/Light/Split_Edge.png using Guid(900065f34a33d2e478bf93a0191f68de) Importer(815301076,1909f56bfc062723c751e8b465ee728b)  -> (artifact id: 'fd9a23a1f15038c783cc16902fe5898c') in 0.035616 seconds 
  Import took 0.041745 seconds .

========================================================================
Received Import Request.
  Time since last request: 0.000296 seconds.
  path: Packages/com.unity.2d.animation/Editor/Assets/SkinningModule/Icons/Light/Split_Edge@4x.png
  artifactKey: Guid(21d43e7114c758c49886cb9fc604dd66) Importer(815301076,1909f56bfc062723c751e8b465ee728b)
Start importing Packages/com.unity.2d.animation/Editor/Assets/SkinningModule/Icons/Light/Split_Edge@4x.png using Guid(21d43e7114c758c49886cb9fc604dd66) Importer(815301076,1909f56bfc062723c751e8b465ee728b)  -> (artifact id: '22eb18d2f92cc0e8e1ed3de7b76925f8') in 0.039419 seconds 
  Import took 0.045953 seconds .

========================================================================
Received Import Request.
  Time since last request: 0.612841 seconds.
  path: Packages/com.unity.2d.animation/Editor/Assets/SkinningModule/Icons/Selected/Split Bones@3x.png
  artifactKey: Guid(29f90cd6202745c448e74a1398b1c731) Importer(815301076,1909f56bfc062723c751e8b465ee728b)
Start importing Packages/com.unity.2d.animation/Editor/Assets/SkinningModule/Icons/Selected/Split Bones@3x.png using Guid(29f90cd6202745c448e74a1398b1c731) Importer(815301076,1909f56bfc062723c751e8b465ee728b)  -> (artifact id: '0f7f198db3135453b5239f5ae3e920a7') in 0.027102 seconds 
  Import took 0.032339 seconds .

========================================================================
Received Import Request.
  Time since last request: 0.000405 seconds.
  path: Packages/com.unity.2d.animation/Editor/Assets/SkinningModule/Icons/Light/Split Bones@4x.png
  artifactKey: Guid(e530623cd53f3ea46ac09b786f0c49ef) Importer(815301076,1909f56bfc062723c751e8b465ee728b)
Start importing Packages/com.unity.2d.animation/Editor/Assets/SkinningModule/Icons/Light/Split Bones@4x.png using Guid(e530623cd53f3ea46ac09b786f0c49ef) Importer(815301076,1909f56bfc062723c751e8b465ee728b)  -> (artifact id: '7f8c8dbecc34f03d17bac2fbc7184021') in 0.028149 seconds 
  Import took 0.034242 seconds .

========================================================================
Received Import Request.
  Time since last request: 0.000362 seconds.
  path: Assets/Resources/Minigame/puzzle_ui.png
  artifactKey: Guid(8ef2ae620767c0444ba3969909f1cf89) Importer(815301076,1909f56bfc062723c751e8b465ee728b)
Start importing Assets/Resources/Minigame/puzzle_ui.png using Guid(8ef2ae620767c0444ba3969909f1cf89) Importer(815301076,1909f56bfc062723c751e8b465ee728b)  -> (artifact id: '7a6b1e8f2615b827c463fcfb8ee2e7c4') in 0.161180 seconds 
  Import took 0.166937 seconds .

========================================================================
Received Import Request.
  Time since last request: 0.000275 seconds.
  path: Packages/com.unity.2d.animation/Editor/Assets/SkinningModule/Icons/Dark/d_Edit_Pose@2x.png
  artifactKey: Guid(5df5eccb22181f040836da1ea19743e8) Importer(815301076,1909f56bfc062723c751e8b465ee728b)
Start importing Packages/com.unity.2d.animation/Editor/Assets/SkinningModule/Icons/Dark/d_Edit_Pose@2x.png using Guid(5df5eccb22181f040836da1ea19743e8) Importer(815301076,1909f56bfc062723c751e8b465ee728b)  -> (artifact id: '362ca807d6b73d3aa4590514e6c5372a') in 0.054982 seconds 
  Import took 0.060438 seconds .

========================================================================
Received Import Request.
  Time since last request: 0.000318 seconds.
  path: Packages/com.unity.2d.animation/Editor/Assets/SkinningModule/Icons/Dark/d_Edit_Joints.png
  artifactKey: Guid(8c3235661573d7b44bd864536f83d0ea) Importer(815301076,1909f56bfc062723c751e8b465ee728b)
Start importing Packages/com.unity.2d.animation/Editor/Assets/SkinningModule/Icons/Dark/d_Edit_Joints.png using Guid(8c3235661573d7b44bd864536f83d0ea) Importer(815301076,1909f56bfc062723c751e8b465ee728b)  -> (artifact id: '7ea39bce4f5fad69b69620d679e9eae6') in 0.035875 seconds 
  Import took 0.043014 seconds .

========================================================================
Received Import Request.
  Time since last request: 0.000315 seconds.
  path: Packages/com.unity.2d.animation/Editor/Assets/SkinningModule/Icons/Light/Bone_Influence@2x.png
  artifactKey: Guid(7395bf0bc3cc40e4ab2dda5ec6832261) Importer(815301076,1909f56bfc062723c751e8b465ee728b)
Start importing Packages/com.unity.2d.animation/Editor/Assets/SkinningModule/Icons/Light/Bone_Influence@2x.png using Guid(7395bf0bc3cc40e4ab2dda5ec6832261) Importer(815301076,1909f56bfc062723c751e8b465ee728b)  -> (artifact id: 'ce74f946096cd0c4f4a7f2b8e69c6e66') in 0.027313 seconds 
  Import took 0.034670 seconds .

========================================================================
Received Import Request.
  Time since last request: 0.000325 seconds.
  path: Packages/com.unity.2d.animation/Editor/Assets/SkinningModule/Icons/Selected/Bone_Influence@4x.png
  artifactKey: Guid(daf2ab606d4db0d4f9ecf4c02137d2a8) Importer(815301076,1909f56bfc062723c751e8b465ee728b)
Start importing Packages/com.unity.2d.animation/Editor/Assets/SkinningModule/Icons/Selected/Bone_Influence@4x.png using Guid(daf2ab606d4db0d4f9ecf4c02137d2a8) Importer(815301076,1909f56bfc062723c751e8b465ee728b)  -> (artifact id: '269c286c15f89522a9c6aa245ea4de7d') in 0.033074 seconds 
  Import took 0.039381 seconds .

========================================================================
Received Import Request.
  Time since last request: 0.000314 seconds.
  path: Packages/com.unity.2d.animation/Editor/Assets/SkinningModule/Icons/Selected/Create Bones@4x.png
  artifactKey: Guid(61ac40b257b3a994f841856ad38b2b6b) Importer(815301076,1909f56bfc062723c751e8b465ee728b)
Start importing Packages/com.unity.2d.animation/Editor/Assets/SkinningModule/Icons/Selected/Create Bones@4x.png using Guid(61ac40b257b3a994f841856ad38b2b6b) Importer(815301076,1909f56bfc062723c751e8b465ee728b)  -> (artifact id: 'b17ad3e4f72ff2bc3a873743044c11f2') in 0.044176 seconds 
  Import took 0.049780 seconds .

========================================================================
Received Import Request.
  Time since last request: 0.000327 seconds.
  path: Packages/com.unity.2d.animation/Editor/Assets/SkinningModule/Icons/Selected/Bone_Influence.png
  artifactKey: Guid(ff00345da0563d641903c5bd5bb748a4) Importer(815301076,1909f56bfc062723c751e8b465ee728b)
Start importing Packages/com.unity.2d.animation/Editor/Assets/SkinningModule/Icons/Selected/Bone_Influence.png using Guid(ff00345da0563d641903c5bd5bb748a4) Importer(815301076,1909f56bfc062723c751e8b465ee728b)  -> (artifact id: 'e045a106f2b3682dee2d26429113156c') in 0.034529 seconds 
  Import took 0.039741 seconds .

========================================================================
Received Import Request.
  Time since last request: 0.000532 seconds.
  path: Assets/Resources/Minigame/gemsparkle/7.png
  artifactKey: Guid(90f86999d0be6d543aa6887a77b7ae0a) Importer(815301076,1909f56bfc062723c751e8b465ee728b)
Start importing Assets/Resources/Minigame/gemsparkle/7.png using Guid(90f86999d0be6d543aa6887a77b7ae0a) Importer(815301076,1909f56bfc062723c751e8b465ee728b)  -> (artifact id: '6bdd47cd683fcd2a8d9f66f1156878bd') in 0.018614 seconds 
  Import took 0.023898 seconds .

========================================================================
Received Import Request.
  Time since last request: 0.000271 seconds.
  path: Packages/com.unity.2d.sprite/Editor/ObjectMenuCreation/DefaultAssets/Textures/9-SlicedWithBorder.png
  artifactKey: Guid(cc35afd292fc349128b36a291fb3a165) Importer(815301076,1909f56bfc062723c751e8b465ee728b)
Start importing Packages/com.unity.2d.sprite/Editor/ObjectMenuCreation/DefaultAssets/Textures/9-SlicedWithBorder.png using Guid(cc35afd292fc349128b36a291fb3a165) Importer(815301076,1909f56bfc062723c751e8b465ee728b)  -> (artifact id: '600f97cdfd3edc6a1685d83d25fc157c') in 0.043998 seconds 
  Import took 0.049028 seconds .

========================================================================
Received Import Request.
  Time since last request: 0.000373 seconds.
  path: Packages/com.unity.2d.animation/Editor/Assets/SkinningModule/Icons/Dark/d_Edit_Pose@4x.png
  artifactKey: Guid(4f3a106299767d146975053c7be09b97) Importer(815301076,1909f56bfc062723c751e8b465ee728b)
Start importing Packages/com.unity.2d.animation/Editor/Assets/SkinningModule/Icons/Dark/d_Edit_Pose@4x.png using Guid(4f3a106299767d146975053c7be09b97) Importer(815301076,1909f56bfc062723c751e8b465ee728b)  -> (artifact id: '0e119d99e49854f64f82a762da827af3') in 0.039278 seconds 
  Import took 0.046183 seconds .

========================================================================
Received Import Request.
  Time since last request: 0.000273 seconds.
  path: Packages/com.unity.2d.animation/Editor/Assets/SkinningModule/Icons/Light/character_Mode@2x.png
  artifactKey: Guid(25096ce515c063c48a2bd6b108c95912) Importer(815301076,1909f56bfc062723c751e8b465ee728b)
Start importing Packages/com.unity.2d.animation/Editor/Assets/SkinningModule/Icons/Light/character_Mode@2x.png using Guid(25096ce515c063c48a2bd6b108c95912) Importer(815301076,1909f56bfc062723c751e8b465ee728b)  -> (artifact id: '7c18aaefa5a5908cc47c724afc509aff') in 0.025741 seconds 
  Import took 0.031771 seconds .

========================================================================
Received Import Request.
  Time since last request: 0.000326 seconds.
  path: Packages/com.unity.2d.animation/Editor/Assets/SkinningModule/Icons/Selected/character_Mode@3x.png
  artifactKey: Guid(dcea51d6065d64246aeec467afeff684) Importer(815301076,1909f56bfc062723c751e8b465ee728b)
Start importing Packages/com.unity.2d.animation/Editor/Assets/SkinningModule/Icons/Selected/character_Mode@3x.png using Guid(dcea51d6065d64246aeec467afeff684) Importer(815301076,1909f56bfc062723c751e8b465ee728b)  -> (artifact id: '24023654949800a56769174570832449') in 0.032599 seconds 
  Import took 0.039906 seconds .

========================================================================
Received Import Request.
  Time since last request: 0.000290 seconds.
  path: Packages/com.unity.2d.animation/Editor/Assets/SkinningModule/Icons/Dark/d_Edit_Pose.png
  artifactKey: Guid(7a6cafa65c507e240b7293250b094e10) Importer(815301076,1909f56bfc062723c751e8b465ee728b)
Start importing Packages/com.unity.2d.animation/Editor/Assets/SkinningModule/Icons/Dark/d_Edit_Pose.png using Guid(7a6cafa65c507e240b7293250b094e10) Importer(815301076,1909f56bfc062723c751e8b465ee728b)  -> (artifact id: '1484b1e2acbbb2dfdbe0e0cd82acb7bd') in 0.029481 seconds 
  Import took 0.034752 seconds .

========================================================================
Received Import Request.
  Time since last request: 0.000316 seconds.
  path: Packages/com.unity.2d.animation/Editor/Assets/SkinningModule/Icons/Selected/Bone_Influence@3x.png
  artifactKey: Guid(68e5a78013e33f247822a837e55b0ab4) Importer(815301076,1909f56bfc062723c751e8b465ee728b)
Start importing Packages/com.unity.2d.animation/Editor/Assets/SkinningModule/Icons/Selected/Bone_Influence@3x.png using Guid(68e5a78013e33f247822a837e55b0ab4) Importer(815301076,1909f56bfc062723c751e8b465ee728b)  -> (artifact id: '512edadc302ee80891be8763373db4a5') in 0.025000 seconds 
  Import took 0.031027 seconds .

========================================================================
Received Import Request.
  Time since last request: 0.000291 seconds.
  path: Packages/com.unity.2d.animation/Editor/Assets/SkinningModule/Icons/Light/Bone.png
  artifactKey: Guid(62ce01ddca719d34ea9648c586a7cc94) Importer(815301076,1909f56bfc062723c751e8b465ee728b)
Start importing Packages/com.unity.2d.animation/Editor/Assets/SkinningModule/Icons/Light/Bone.png using Guid(62ce01ddca719d34ea9648c586a7cc94) Importer(815301076,1909f56bfc062723c751e8b465ee728b)  -> (artifact id: 'fcb23684d1ec62a50c053c64e07b646f') in 0.023874 seconds 
  Import took 0.029088 seconds .

========================================================================
Received Import Request.
  Time since last request: 0.000304 seconds.
  path: Assets/Resources/Minigame/gemsparkle/5.png
  artifactKey: Guid(047fbf54efdb23e47b725a601ba1b51c) Importer(815301076,1909f56bfc062723c751e8b465ee728b)
Start importing Assets/Resources/Minigame/gemsparkle/5.png using Guid(047fbf54efdb23e47b725a601ba1b51c) Importer(815301076,1909f56bfc062723c751e8b465ee728b)  -> (artifact id: '0147717362d6e91a6d4a787cccdadd2b') in 0.021331 seconds 
  Import took 0.026901 seconds .

========================================================================
Received Import Request.
  Time since last request: 0.000368 seconds.
  path: Packages/com.unity.2d.animation/Editor/Assets/SkinningModule/Icons/Light/Bone_Influence@4x.png
  artifactKey: Guid(c7aa62ae78ffca0498c89e5f45f94c0e) Importer(815301076,1909f56bfc062723c751e8b465ee728b)
Start importing Packages/com.unity.2d.animation/Editor/Assets/SkinningModule/Icons/Light/Bone_Influence@4x.png using Guid(c7aa62ae78ffca0498c89e5f45f94c0e) Importer(815301076,1909f56bfc062723c751e8b465ee728b)  -> (artifact id: '974dbaa4ccdc80d082da91b016a1d18c') in 0.025889 seconds 
  Import took 0.032151 seconds .

========================================================================
Received Import Request.
  Time since last request: 0.000269 seconds.
  path: Packages/com.unity.collab-proxy/Editor/PlasticSCM/Assets/Images/buttonssosigninemail@2x.png
  artifactKey: Guid(ddf2e76e8a1f88f46ae1e42277850b48) Importer(815301076,1909f56bfc062723c751e8b465ee728b)
Start importing Packages/com.unity.collab-proxy/Editor/PlasticSCM/Assets/Images/buttonssosigninemail@2x.png using Guid(ddf2e76e8a1f88f46ae1e42277850b48) Importer(815301076,1909f56bfc062723c751e8b465ee728b)  -> (artifact id: 'df64a5210216a823e6203c753c41ccb8') in 0.035005 seconds 
  Import took 0.040448 seconds .

========================================================================
Received Import Request.
  Time since last request: 0.000255 seconds.
  path: Packages/com.unity.2d.animation/Editor/Assets/SkinningModule/Icons/Dark/d_Edit_Joints@4x.png
  artifactKey: Guid(15d3c315af8faf2498573371308b9d3e) Importer(815301076,1909f56bfc062723c751e8b465ee728b)
Start importing Packages/com.unity.2d.animation/Editor/Assets/SkinningModule/Icons/Dark/d_Edit_Joints@4x.png using Guid(15d3c315af8faf2498573371308b9d3e) Importer(815301076,1909f56bfc062723c751e8b465ee728b)  -> (artifact id: '9fbf3a7a4e3f9cf6e9b2724ff4c452ee') in 0.029456 seconds 
  Import took 0.035635 seconds .

========================================================================
Received Import Request.
  Time since last request: 0.000284 seconds.
  path: Packages/com.unity.2d.animation/Editor/Assets/SkinningModule/Icons/Light/Bone@2x.png
  artifactKey: Guid(d6a44ab95b0def041a7929981a2c23a1) Importer(815301076,1909f56bfc062723c751e8b465ee728b)
Start importing Packages/com.unity.2d.animation/Editor/Assets/SkinningModule/Icons/Light/Bone@2x.png using Guid(d6a44ab95b0def041a7929981a2c23a1) Importer(815301076,1909f56bfc062723c751e8b465ee728b)  -> (artifact id: '7ba1d8daed21f5bf8cf2886461e33539') in 0.028478 seconds 
  Import took 0.034568 seconds .

========================================================================
Received Import Request.
  Time since last request: 0.000275 seconds.
  path: Assets/Resources/Minigame/gemsparkle/1.png
  artifactKey: Guid(35103377abd3f4d4384613febb53d954) Importer(815301076,1909f56bfc062723c751e8b465ee728b)
Start importing Assets/Resources/Minigame/gemsparkle/1.png using Guid(35103377abd3f4d4384613febb53d954) Importer(815301076,1909f56bfc062723c751e8b465ee728b)  -> (artifact id: '06cb547e0e4e608c1051ad0238e55fa6') in 0.021510 seconds 
  Import took 0.026959 seconds .

========================================================================
Received Import Request.
  Time since last request: 0.000351 seconds.
  path: Packages/com.unity.2d.animation/Editor/Assets/SkinningModule/Icons/Dark/d_Edit_Pose@3x.png
  artifactKey: Guid(334b0c5a2da656f4a9d2fe6b658cfd68) Importer(815301076,1909f56bfc062723c751e8b465ee728b)
Start importing Packages/com.unity.2d.animation/Editor/Assets/SkinningModule/Icons/Dark/d_Edit_Pose@3x.png using Guid(334b0c5a2da656f4a9d2fe6b658cfd68) Importer(815301076,1909f56bfc062723c751e8b465ee728b)  -> (artifact id: '5a6b1312d9e91c42bd6e30576e41744c') in 0.024585 seconds 
  Import took 0.029850 seconds .

========================================================================
Received Import Request.
  Time since last request: 0.000318 seconds.
  path: Packages/com.unity.2d.animation/Editor/Assets/SkinningModule/Icons/Light/Bone@3x.png
  artifactKey: Guid(76beef9fdae7b48468ddf07d0400a374) Importer(815301076,1909f56bfc062723c751e8b465ee728b)
Start importing Packages/com.unity.2d.animation/Editor/Assets/SkinningModule/Icons/Light/Bone@3x.png using Guid(76beef9fdae7b48468ddf07d0400a374) Importer(815301076,1909f56bfc062723c751e8b465ee728b)  -> (artifact id: 'c07d68126c6e632f5a4acceb6b935c68') in 0.025320 seconds 
  Import took 0.030566 seconds .

========================================================================
Received Import Request.
  Time since last request: 0.000311 seconds.
  path: Packages/com.unity.2d.animation/Editor/Assets/SkinningModule/Icons/Dark/d_Edit_Joints@3x.png
  artifactKey: Guid(e76bc39dceb8b72439432f8679056c92) Importer(815301076,1909f56bfc062723c751e8b465ee728b)
Start importing Packages/com.unity.2d.animation/Editor/Assets/SkinningModule/Icons/Dark/d_Edit_Joints@3x.png using Guid(e76bc39dceb8b72439432f8679056c92) Importer(815301076,1909f56bfc062723c751e8b465ee728b)  -> (artifact id: '77c6e2359359d01bbc6309ea381beecf') in 0.043790 seconds 
  Import took 0.051170 seconds .

========================================================================
Received Import Request.
  Time since last request: 0.000320 seconds.
  path: Packages/com.unity.2d.animation/Editor/Assets/SkinningModule/Icons/Selected/Bone_Influence@2x.png
  artifactKey: Guid(0779ad3feec52124e97114bcbb12ef13) Importer(815301076,1909f56bfc062723c751e8b465ee728b)
Start importing Packages/com.unity.2d.animation/Editor/Assets/SkinningModule/Icons/Selected/Bone_Influence@2x.png using Guid(0779ad3feec52124e97114bcbb12ef13) Importer(815301076,1909f56bfc062723c751e8b465ee728b)  -> (artifact id: '57fb578c07296edd47003f614ba57490') in 0.026179 seconds 
  Import took 0.032036 seconds .

========================================================================
Received Import Request.
  Time since last request: 0.000310 seconds.
  path: Packages/com.unity.2d.animation/Editor/Assets/SkinningModule/Icons/Selected/character_Mode@2x.png
  artifactKey: Guid(5d52b20f865aff242bfcb08c3b6f61a5) Importer(815301076,1909f56bfc062723c751e8b465ee728b)
Start importing Packages/com.unity.2d.animation/Editor/Assets/SkinningModule/Icons/Selected/character_Mode@2x.png using Guid(5d52b20f865aff242bfcb08c3b6f61a5) Importer(815301076,1909f56bfc062723c751e8b465ee728b)  -> (artifact id: 'cc17a0a827e88d93db0dbe8e86bf98ad') in 0.021992 seconds 
  Import took 0.027674 seconds .

========================================================================
Received Import Request.
  Time since last request: 0.000321 seconds.
  path: Assets/Resources/Minigame/gemsparkle/4.png
  artifactKey: Guid(4c29d6ce55384ae439313995cfd0470e) Importer(815301076,1909f56bfc062723c751e8b465ee728b)
Start importing Assets/Resources/Minigame/gemsparkle/4.png using Guid(4c29d6ce55384ae439313995cfd0470e) Importer(815301076,1909f56bfc062723c751e8b465ee728b)  -> (artifact id: '785cecc4eaf600585fa68937cf050cc7') in 0.024648 seconds 
  Import took 0.030143 seconds .

========================================================================
Received Import Request.
  Time since last request: 0.000427 seconds.
  path: Packages/com.unity.2d.animation/Editor/Assets/SkinningModule/Icons/Dark/d_Edit_Geometry@4x.png
  artifactKey: Guid(7af5f1b9cb7fc7645a9f27f070fbe2fd) Importer(815301076,1909f56bfc062723c751e8b465ee728b)
Start importing Packages/com.unity.2d.animation/Editor/Assets/SkinningModule/Icons/Dark/d_Edit_Geometry@4x.png using Guid(7af5f1b9cb7fc7645a9f27f070fbe2fd) Importer(815301076,1909f56bfc062723c751e8b465ee728b)  -> (artifact id: 'ff710ce20faf514591e672714e2f1c89') in 0.025201 seconds 
  Import took 0.032759 seconds .

========================================================================
Received Import Request.
  Time since last request: 0.000376 seconds.
  path: Assets/Resources/Minigame/gemsparkle/2.png
  artifactKey: Guid(914ebb33f04a5aa4c977f453cb7f3762) Importer(815301076,1909f56bfc062723c751e8b465ee728b)
Start importing Assets/Resources/Minigame/gemsparkle/2.png using Guid(914ebb33f04a5aa4c977f453cb7f3762) Importer(815301076,1909f56bfc062723c751e8b465ee728b)  -> (artifact id: '8172b00de8da556f15655e63b9fd1599') in 0.021744 seconds 
  Import took 0.027433 seconds .

========================================================================
Received Import Request.
  Time since last request: 0.000248 seconds.
  path: Packages/com.unity.2d.animation/Editor/Assets/SkinningModule/Icons/Light/character_Mode@3x.png
  artifactKey: Guid(17fa84703485d314b8d6b5216987d4b1) Importer(815301076,1909f56bfc062723c751e8b465ee728b)
Start importing Packages/com.unity.2d.animation/Editor/Assets/SkinningModule/Icons/Light/character_Mode@3x.png using Guid(17fa84703485d314b8d6b5216987d4b1) Importer(815301076,1909f56bfc062723c751e8b465ee728b)  -> (artifact id: '575ce560247867df5acda420ec52e7dc') in 0.044063 seconds 
  Import took 0.049260 seconds .

========================================================================
Received Import Request.
  Time since last request: 0.000297 seconds.
  path: Packages/com.unity.2d.sprite/Editor/ObjectMenuCreation/DefaultAssets/Textures/9-Sliced.png
  artifactKey: Guid(71ebafeef3c03457483266a33ab2b270) Importer(815301076,1909f56bfc062723c751e8b465ee728b)
Start importing Packages/com.unity.2d.sprite/Editor/ObjectMenuCreation/DefaultAssets/Textures/9-Sliced.png using Guid(71ebafeef3c03457483266a33ab2b270) Importer(815301076,1909f56bfc062723c751e8b465ee728b)  -> (artifact id: '0ea08e4411f98851f91f00718d3ff46f') in 0.036547 seconds 
  Import took 0.042231 seconds .

========================================================================
Received Import Request.
  Time since last request: 0.000328 seconds.
  path: Assets/Resources/Minigame/gemsparkle/3.png
  artifactKey: Guid(75fafbb92a2505e4c95c3fd1299d7c21) Importer(815301076,1909f56bfc062723c751e8b465ee728b)
Start importing Assets/Resources/Minigame/gemsparkle/3.png using Guid(75fafbb92a2505e4c95c3fd1299d7c21) Importer(815301076,1909f56bfc062723c751e8b465ee728b)  -> (artifact id: '5a3ea061225cdec4cc562fa566cf9078') in 0.021878 seconds 
  Import took 0.027287 seconds .

========================================================================
Received Import Request.
  Time since last request: 0.000322 seconds.
  path: Packages/com.unity.2d.animation/Editor/Assets/SkinningModule/Icons/Light/Bone_Influence@3x.png
  artifactKey: Guid(cee9dbe90b270c944ae1dabf41c93b10) Importer(815301076,1909f56bfc062723c751e8b465ee728b)
Start importing Packages/com.unity.2d.animation/Editor/Assets/SkinningModule/Icons/Light/Bone_Influence@3x.png using Guid(cee9dbe90b270c944ae1dabf41c93b10) Importer(815301076,1909f56bfc062723c751e8b465ee728b)  -> (artifact id: 'a1b942cb9a212b55c813d053008ec2a5') in 0.025678 seconds 
  Import took 0.030827 seconds .

========================================================================
Received Import Request.
  Time since last request: 0.000275 seconds.
  path: Packages/com.unity.2d.animation/Editor/Assets/SkinningModule/Icons/Light/Bone@4x.png
  artifactKey: Guid(9125c204f566db048a92ebcb64d9d14a) Importer(815301076,1909f56bfc062723c751e8b465ee728b)
Start importing Packages/com.unity.2d.animation/Editor/Assets/SkinningModule/Icons/Light/Bone@4x.png using Guid(9125c204f566db048a92ebcb64d9d14a) Importer(815301076,1909f56bfc062723c751e8b465ee728b)  -> (artifact id: 'f66700707a135573cf92fb0fc97e57a1') in 0.028789 seconds 
  Import took 0.035027 seconds .

========================================================================
Received Import Request.
  Time since last request: 0.000288 seconds.
  path: Packages/com.unity.collab-proxy/Editor/PlasticSCM/Assets/Images/buttonssosigninemail.png
  artifactKey: Guid(d24e7e0b75e1a244bb9687d6fd4315ef) Importer(815301076,1909f56bfc062723c751e8b465ee728b)
Start importing Packages/com.unity.collab-proxy/Editor/PlasticSCM/Assets/Images/buttonssosigninemail.png using Guid(d24e7e0b75e1a244bb9687d6fd4315ef) Importer(815301076,1909f56bfc062723c751e8b465ee728b)  -> (artifact id: '889ad7634f924403c4864589f7824048') in 0.031795 seconds 
  Import took 0.037900 seconds .

========================================================================
Received Import Request.
  Time since last request: 0.000286 seconds.
  path: Packages/com.unity.2d.animation/Editor/Assets/SkinningModule/Icons/Dark/d_Edit_Joints@2x.png
  artifactKey: Guid(eecbc6949fc2aac40bfe64caade7a594) Importer(815301076,1909f56bfc062723c751e8b465ee728b)
Start importing Packages/com.unity.2d.animation/Editor/Assets/SkinningModule/Icons/Dark/d_Edit_Joints@2x.png using Guid(eecbc6949fc2aac40bfe64caade7a594) Importer(815301076,1909f56bfc062723c751e8b465ee728b)  -> (artifact id: '9bb265083fd2cc3adac010a1abe834de') in 0.022472 seconds 
  Import took 0.028226 seconds .

========================================================================
Received Import Request.
  Time since last request: 0.000284 seconds.
  path: Assets/Resources/Minigame/gemsparkle/6.png
  artifactKey: Guid(1e388d926b679704590661fc5de0bd6c) Importer(815301076,1909f56bfc062723c751e8b465ee728b)
Start importing Assets/Resources/Minigame/gemsparkle/6.png using Guid(1e388d926b679704590661fc5de0bd6c) Importer(815301076,1909f56bfc062723c751e8b465ee728b)  -> (artifact id: 'b24d292dd20536b758a6b4e1acfe1023') in 0.022623 seconds 
  Import took 0.027965 seconds .

========================================================================
Received Import Request.
  Time since last request: 0.000281 seconds.
  path: Packages/com.unity.2d.animation/Editor/Assets/SkinningModule/Icons/Light/character_Mode@4x.png
  artifactKey: Guid(748ae8b33df036b46a86e0387f1602cf) Importer(815301076,1909f56bfc062723c751e8b465ee728b)
Start importing Packages/com.unity.2d.animation/Editor/Assets/SkinningModule/Icons/Light/character_Mode@4x.png using Guid(748ae8b33df036b46a86e0387f1602cf) Importer(815301076,1909f56bfc062723c751e8b465ee728b)  -> (artifact id: '0a863e71814c92d28f4f349ee289a571') in 0.021367 seconds 
  Import took 0.026407 seconds .

========================================================================
Received Import Request.
  Time since last request: 0.000273 seconds.
  path: Packages/com.unity.collab-proxy/Editor/PlasticSCM/Assets/Images/buttonssosigningoogle.png
  artifactKey: Guid(f09eae8c0ea04254b90c5386a034a225) Importer(815301076,1909f56bfc062723c751e8b465ee728b)
Start importing Packages/com.unity.collab-proxy/Editor/PlasticSCM/Assets/Images/buttonssosigningoogle.png using Guid(f09eae8c0ea04254b90c5386a034a225) Importer(815301076,1909f56bfc062723c751e8b465ee728b)  -> (artifact id: '64a936cadba46955e1f3455c91cd4d64') in 0.030657 seconds 
  Import took 0.035687 seconds .

========================================================================
Received Import Request.
  Time since last request: 14.971876 seconds.
  path: Assets/Animations/BlueGem.controller
  artifactKey: Guid(c8b72795ec791864a8fa58e3afa0720a) Importer(815301076,1909f56bfc062723c751e8b465ee728b)
Start importing Assets/Animations/BlueGem.controller using Guid(c8b72795ec791864a8fa58e3afa0720a) Importer(815301076,1909f56bfc062723c751e8b465ee728b)  -> (artifact id: '01ca0c47603d10312addcbd08914b850') in 0.017613 seconds 
  Import took 0.022743 seconds .

========================================================================
Received Import Request.
  Time since last request: 5.710324 seconds.
  path: Assets/Animations/gem_shine.controller
  artifactKey: Guid(0c35fe48cc8aad44d8fcac67140607d5) Importer(815301076,1909f56bfc062723c751e8b465ee728b)
Start importing Assets/Animations/gem_shine.controller using Guid(0c35fe48cc8aad44d8fcac67140607d5) Importer(815301076,1909f56bfc062723c751e8b465ee728b)  -> (artifact id: '6d0805b7e23ad4027c0498aa8a207193') in 0.009670 seconds 
  Import took 0.015490 seconds .

========================================================================
Received Prepare
Registering precompiled user dll's ...
Registered in 0.003697 seconds.
Begin MonoManager ReloadAssembly
Native extension for WindowsStandalone target not found
Native extension for WebGL target not found
Refreshing native plugins compatible for Editor in 0.65 ms, found 3 plugins.
Preloading 0 native plugins for Editor in 0.00 ms.
Mono: successfully reloaded assembly
- Completed reload, in  1.855 seconds
Domain Reload Profiling:
	ReloadAssembly (1856ms)
		BeginReloadAssembly (200ms)
			ExecutionOrderSort (0ms)
			DisableScriptedObjects (15ms)
			BackupInstance (0ms)
			ReleaseScriptingObjects (0ms)
			CreateAndSetChildDomain (58ms)
		EndReloadAssembly (1522ms)
			LoadAssemblies (169ms)
			RebuildTransferFunctionScriptingTraits (0ms)
			SetupTypeCache (524ms)
			ReleaseScriptCaches (2ms)
			RebuildScriptCaches (81ms)
			SetupLoadedEditorAssemblies (538ms)
				LogAssemblyErrors (0ms)
				InitializePlatformSupportModulesInManaged (10ms)
				SetLoadedEditorAssemblies (1ms)
				RefreshPlugins (1ms)
				BeforeProcessingInitializeOnLoad (176ms)
				ProcessInitializeOnLoadAttributes (328ms)
				ProcessInitializeOnLoadMethodAttributes (10ms)
				AfterProcessingInitializeOnLoad (12ms)
				EditorAssembliesLoaded (0ms)
			ExecutionOrderSort2 (0ms)
			AwakeInstancesAfterBackupRestoration (20ms)
Platform modules already initialized, skipping
Refreshing native plugins compatible for Editor in 0.68 ms, found 3 plugins.
Preloading 0 native plugins for Editor in 0.00 ms.
Unloading 2090 Unused Serialized files (Serialized files now loaded: 0)
System memory in use before: 95.8 MB.
System memory in use after: 96.0 MB.

Unloading 14 unused Assets to reduce memory usage. Loaded Objects now: 2577.
Total: 4.866600 ms (FindLiveObjects: 0.304400 ms CreateObjectMapping: 0.150500 ms MarkObjects: 4.380100 ms  DeleteObjects: 0.030200 ms)

AssetImportParameters requested are different than current active one (requested -> active):
  custom:framework-win-MediaFoundation: 216162199b28c13a410421893ffa2e32 -> 
  custom:video-decoder-ogg-theora: a1e56fd34408186e4bbccfd4996cb3dc -> 
  custom:container-muxer-webm: aa71ff27fc2769a1b78a27578f13a17b -> 
  custom:container-demuxer-webm: 4f35f7cbe854078d1ac9338744f61a02 -> 
  custom:container-demuxer-ogg: 62fdf1f143b41e24485cea50d1cbac27 -> 
  custom:video-encoder-webm-vp8: eb34c28f22e8b96e1ab97ce403110664 -> 
  custom:video-decoder-webm-vp8: 9c59270c3fd7afecdb556c50c9e8de78 -> 
  custom:audio-decoder-ogg-vorbis: bf7c407c2cedff20999df2af8eb42d56 -> 
  custom:audio-encoder-webm-vorbis: bf7c407c2cedff20999df2af8eb42d56 -> 
========================================================================
Received Prepare
Registering precompiled user dll's ...
Registered in 0.003797 seconds.
Begin MonoManager ReloadAssembly
Native extension for WindowsStandalone target not found
Native extension for WebGL target not found
Refreshing native plugins compatible for Editor in 0.64 ms, found 3 plugins.
Preloading 0 native plugins for Editor in 0.00 ms.
Mono: successfully reloaded assembly
- Completed reload, in  1.754 seconds
Domain Reload Profiling:
	ReloadAssembly (1755ms)
		BeginReloadAssembly (185ms)
			ExecutionOrderSort (0ms)
			DisableScriptedObjects (11ms)
			BackupInstance (0ms)
			ReleaseScriptingObjects (0ms)
			CreateAndSetChildDomain (58ms)
		EndReloadAssembly (1459ms)
			LoadAssemblies (157ms)
			RebuildTransferFunctionScriptingTraits (0ms)
			SetupTypeCache (507ms)
			ReleaseScriptCaches (1ms)
			RebuildScriptCaches (78ms)
			SetupLoadedEditorAssemblies (532ms)
				LogAssemblyErrors (0ms)
				InitializePlatformSupportModulesInManaged (11ms)
				SetLoadedEditorAssemblies (1ms)
				RefreshPlugins (1ms)
				BeforeProcessingInitializeOnLoad (157ms)
				ProcessInitializeOnLoadAttributes (341ms)
				ProcessInitializeOnLoadMethodAttributes (9ms)
				AfterProcessingInitializeOnLoad (12ms)
				EditorAssembliesLoaded (0ms)
			ExecutionOrderSort2 (0ms)
			AwakeInstancesAfterBackupRestoration (18ms)
Platform modules already initialized, skipping
Refreshing native plugins compatible for Editor in 0.70 ms, found 3 plugins.
Preloading 0 native plugins for Editor in 0.00 ms.
Unloading 2090 Unused Serialized files (Serialized files now loaded: 0)
System memory in use before: 95.9 MB.
System memory in use after: 96.0 MB.

Unloading 14 unused Assets to reduce memory usage. Loaded Objects now: 2580.
Total: 4.771100 ms (FindLiveObjects: 0.264400 ms CreateObjectMapping: 0.148600 ms MarkObjects: 4.326600 ms  DeleteObjects: 0.029900 ms)

AssetImportParameters requested are different than current active one (requested -> active):
  custom:framework-win-MediaFoundation: 216162199b28c13a410421893ffa2e32 -> 
  custom:video-decoder-ogg-theora: a1e56fd34408186e4bbccfd4996cb3dc -> 
  custom:container-muxer-webm: aa71ff27fc2769a1b78a27578f13a17b -> 
  custom:container-demuxer-webm: 4f35f7cbe854078d1ac9338744f61a02 -> 
  custom:container-demuxer-ogg: 62fdf1f143b41e24485cea50d1cbac27 -> 
  custom:video-encoder-webm-vp8: eb34c28f22e8b96e1ab97ce403110664 -> 
  custom:video-decoder-webm-vp8: 9c59270c3fd7afecdb556c50c9e8de78 -> 
  custom:audio-decoder-ogg-vorbis: bf7c407c2cedff20999df2af8eb42d56 -> 
  custom:audio-encoder-webm-vorbis: bf7c407c2cedff20999df2af8eb42d56 -> 
========================================================================
Received Import Request.
  Time since last request: 318.962315 seconds.
  path: Assets/Animations/gem.anim
  artifactKey: Guid(559e6098571fb534093833c54bc5c1e5) Importer(815301076,1909f56bfc062723c751e8b465ee728b)
Start importing Assets/Animations/gem.anim using Guid(559e6098571fb534093833c54bc5c1e5) Importer(815301076,1909f56bfc062723c751e8b465ee728b)  -> (artifact id: '034d913e7e78157a6615079b5f071402') in 0.026932 seconds 
  Import took 0.032032 seconds .

========================================================================
Received Import Request.
  Time since last request: 0.001619 seconds.
  path: Assets/Animations/gem.anim
  artifactKey: Guid(559e6098571fb534093833c54bc5c1e5) Importer(815301076,1909f56bfc062723c751e8b465ee728b)
Start importing Assets/Animations/gem.anim using Guid(559e6098571fb534093833c54bc5c1e5) Importer(815301076,1909f56bfc062723c751e8b465ee728b)  -> (artifact id: '034d913e7e78157a6615079b5f071402') in 0.002982 seconds 
  Import took 0.008981 seconds .

========================================================================
Received Import Request.
  Time since last request: 17.003371 seconds.
  path: Assets/Animations/gem_sparkle.controller
  artifactKey: Guid(eaba806d00d873c428326656e17ea5e7) Importer(815301076,1909f56bfc062723c751e8b465ee728b)
Start importing Assets/Animations/gem_sparkle.controller using Guid(eaba806d00d873c428326656e17ea5e7) Importer(815301076,1909f56bfc062723c751e8b465ee728b)  -> (artifact id: '7596b0148699211f534b0a51740e0510') in 0.010986 seconds 
  Import took 0.017233 seconds .

========================================================================
Received Import Request.
  Time since last request: 0.003151 seconds.
  path: Assets/Animations/gem_sparkle.controller
  artifactKey: Guid(eaba806d00d873c428326656e17ea5e7) Importer(815301076,1909f56bfc062723c751e8b465ee728b)
Start importing Assets/Animations/gem_sparkle.controller using Guid(eaba806d00d873c428326656e17ea5e7) Importer(815301076,1909f56bfc062723c751e8b465ee728b)  -> (artifact id: '7596b0148699211f534b0a51740e0510') in 0.015807 seconds 
  Import took 0.021520 seconds .

========================================================================
Received Prepare
Registering precompiled user dll's ...
Registered in 0.003676 seconds.
Begin MonoManager ReloadAssembly
Native extension for WindowsStandalone target not found
Native extension for WebGL target not found
Refreshing native plugins compatible for Editor in 1.05 ms, found 3 plugins.
Preloading 0 native plugins for Editor in 0.00 ms.
Mono: successfully reloaded assembly
- Completed reload, in  1.819 seconds
Domain Reload Profiling:
	ReloadAssembly (1820ms)
		BeginReloadAssembly (191ms)
			ExecutionOrderSort (0ms)
			DisableScriptedObjects (15ms)
			BackupInstance (0ms)
			ReleaseScriptingObjects (0ms)
			CreateAndSetChildDomain (57ms)
		EndReloadAssembly (1520ms)
			LoadAssemblies (157ms)
			RebuildTransferFunctionScriptingTraits (0ms)
			SetupTypeCache (520ms)
			ReleaseScriptCaches (1ms)
			RebuildScriptCaches (74ms)
			SetupLoadedEditorAssemblies (545ms)
				LogAssemblyErrors (0ms)
				InitializePlatformSupportModulesInManaged (14ms)
				SetLoadedEditorAssemblies (1ms)
				RefreshPlugins (1ms)
				BeforeProcessingInitializeOnLoad (172ms)
				ProcessInitializeOnLoadAttributes (334ms)
				ProcessInitializeOnLoadMethodAttributes (9ms)
				AfterProcessingInitializeOnLoad (12ms)
				EditorAssembliesLoaded (0ms)
			ExecutionOrderSort2 (0ms)
			AwakeInstancesAfterBackupRestoration (18ms)
Platform modules already initialized, skipping
Refreshing native plugins compatible for Editor in 0.74 ms, found 3 plugins.
Preloading 0 native plugins for Editor in 0.00 ms.
Unloading 2090 Unused Serialized files (Serialized files now loaded: 0)
System memory in use before: 95.9 MB.
System memory in use after: 96.0 MB.

Unloading 14 unused Assets to reduce memory usage. Loaded Objects now: 2583.
Total: 5.114200 ms (FindLiveObjects: 0.304700 ms CreateObjectMapping: 0.170800 ms MarkObjects: 4.602300 ms  DeleteObjects: 0.034600 ms)

AssetImportParameters requested are different than current active one (requested -> active):
  custom:framework-win-MediaFoundation: 216162199b28c13a410421893ffa2e32 -> 
  custom:video-decoder-ogg-theora: a1e56fd34408186e4bbccfd4996cb3dc -> 
  custom:container-muxer-webm: aa71ff27fc2769a1b78a27578f13a17b -> 
  custom:container-demuxer-webm: 4f35f7cbe854078d1ac9338744f61a02 -> 
  custom:container-demuxer-ogg: 62fdf1f143b41e24485cea50d1cbac27 -> 
  custom:video-encoder-webm-vp8: eb34c28f22e8b96e1ab97ce403110664 -> 
  custom:video-decoder-webm-vp8: 9c59270c3fd7afecdb556c50c9e8de78 -> 
  custom:audio-decoder-ogg-vorbis: bf7c407c2cedff20999df2af8eb42d56 -> 
  custom:audio-encoder-webm-vorbis: bf7c407c2cedff20999df2af8eb42d56 -> 
========================================================================
Received Prepare
Registering precompiled user dll's ...
Registered in 0.003704 seconds.
Begin MonoManager ReloadAssembly
Native extension for WindowsStandalone target not found
Native extension for WebGL target not found
Refreshing native plugins compatible for Editor in 0.72 ms, found 3 plugins.
Preloading 0 native plugins for Editor in 0.00 ms.
Mono: successfully reloaded assembly
- Completed reload, in  1.823 seconds
Domain Reload Profiling:
	ReloadAssembly (1824ms)
		BeginReloadAssembly (194ms)
			ExecutionOrderSort (0ms)
			DisableScriptedObjects (10ms)
			BackupInstance (0ms)
			ReleaseScriptingObjects (0ms)
			CreateAndSetChildDomain (61ms)
		EndReloadAssembly (1518ms)
			LoadAssemblies (150ms)
			RebuildTransferFunctionScriptingTraits (0ms)
			SetupTypeCache (539ms)
			ReleaseScriptCaches (2ms)
			RebuildScriptCaches (78ms)
			SetupLoadedEditorAssemblies (543ms)
				LogAssemblyErrors (0ms)
				InitializePlatformSupportModulesInManaged (11ms)
				SetLoadedEditorAssemblies (2ms)
				RefreshPlugins (1ms)
				BeforeProcessingInitializeOnLoad (164ms)
				ProcessInitializeOnLoadAttributes (343ms)
				ProcessInitializeOnLoadMethodAttributes (9ms)
				AfterProcessingInitializeOnLoad (13ms)
				EditorAssembliesLoaded (0ms)
			ExecutionOrderSort2 (0ms)
			AwakeInstancesAfterBackupRestoration (20ms)
Platform modules already initialized, skipping
Refreshing native plugins compatible for Editor in 0.66 ms, found 3 plugins.
Preloading 0 native plugins for Editor in 0.00 ms.
Unloading 2090 Unused Serialized files (Serialized files now loaded: 0)
System memory in use before: 95.9 MB.
System memory in use after: 96.1 MB.

Unloading 14 unused Assets to reduce memory usage. Loaded Objects now: 2586.
Total: 4.972100 ms (FindLiveObjects: 0.310800 ms CreateObjectMapping: 0.149300 ms MarkObjects: 4.479300 ms  DeleteObjects: 0.031200 ms)

AssetImportParameters requested are different than current active one (requested -> active):
  custom:framework-win-MediaFoundation: 216162199b28c13a410421893ffa2e32 -> 
  custom:video-decoder-ogg-theora: a1e56fd34408186e4bbccfd4996cb3dc -> 
  custom:container-muxer-webm: aa71ff27fc2769a1b78a27578f13a17b -> 
  custom:container-demuxer-webm: 4f35f7cbe854078d1ac9338744f61a02 -> 
  custom:container-demuxer-ogg: 62fdf1f143b41e24485cea50d1cbac27 -> 
  custom:video-encoder-webm-vp8: eb34c28f22e8b96e1ab97ce403110664 -> 
  custom:video-decoder-webm-vp8: 9c59270c3fd7afecdb556c50c9e8de78 -> 
  custom:audio-decoder-ogg-vorbis: bf7c407c2cedff20999df2af8eb42d56 -> 
  custom:audio-encoder-webm-vorbis: bf7c407c2cedff20999df2af8eb42d56 -> 
========================================================================
Received Prepare
Registering precompiled user dll's ...
Registered in 0.003624 seconds.
Begin MonoManager ReloadAssembly
Native extension for WindowsStandalone target not found
Native extension for WebGL target not found
Refreshing native plugins compatible for Editor in 0.66 ms, found 3 plugins.
Preloading 0 native plugins for Editor in 0.00 ms.
Mono: successfully reloaded assembly
- Completed reload, in  1.720 seconds
Domain Reload Profiling:
	ReloadAssembly (1721ms)
		BeginReloadAssembly (187ms)
			ExecutionOrderSort (0ms)
			DisableScriptedObjects (11ms)
			BackupInstance (0ms)
			ReleaseScriptingObjects (0ms)
			CreateAndSetChildDomain (54ms)
		EndReloadAssembly (1423ms)
			LoadAssemblies (151ms)
			RebuildTransferFunctionScriptingTraits (0ms)
			SetupTypeCache (501ms)
			ReleaseScriptCaches (1ms)
			RebuildScriptCaches (74ms)
			SetupLoadedEditorAssemblies (512ms)
				LogAssemblyErrors (0ms)
				InitializePlatformSupportModulesInManaged (11ms)
				SetLoadedEditorAssemblies (2ms)
				RefreshPlugins (1ms)
				BeforeProcessingInitializeOnLoad (155ms)
				ProcessInitializeOnLoadAttributes (321ms)
				ProcessInitializeOnLoadMethodAttributes (10ms)
				AfterProcessingInitializeOnLoad (12ms)
				EditorAssembliesLoaded (0ms)
			ExecutionOrderSort2 (0ms)
			AwakeInstancesAfterBackupRestoration (18ms)
Platform modules already initialized, skipping
Refreshing native plugins compatible for Editor in 0.64 ms, found 3 plugins.
Preloading 0 native plugins for Editor in 0.00 ms.
Unloading 2090 Unused Serialized files (Serialized files now loaded: 0)
System memory in use before: 95.9 MB.
System memory in use after: 96.1 MB.

Unloading 14 unused Assets to reduce memory usage. Loaded Objects now: 2589.
Total: 4.812200 ms (FindLiveObjects: 0.280100 ms CreateObjectMapping: 0.144800 ms MarkObjects: 4.357000 ms  DeleteObjects: 0.028400 ms)

AssetImportParameters requested are different than current active one (requested -> active):
  custom:framework-win-MediaFoundation: 216162199b28c13a410421893ffa2e32 -> 
  custom:video-decoder-ogg-theora: a1e56fd34408186e4bbccfd4996cb3dc -> 
  custom:container-muxer-webm: aa71ff27fc2769a1b78a27578f13a17b -> 
  custom:container-demuxer-webm: 4f35f7cbe854078d1ac9338744f61a02 -> 
  custom:container-demuxer-ogg: 62fdf1f143b41e24485cea50d1cbac27 -> 
  custom:video-encoder-webm-vp8: eb34c28f22e8b96e1ab97ce403110664 -> 
  custom:video-decoder-webm-vp8: 9c59270c3fd7afecdb556c50c9e8de78 -> 
  custom:audio-decoder-ogg-vorbis: bf7c407c2cedff20999df2af8eb42d56 -> 
  custom:audio-encoder-webm-vorbis: bf7c407c2cedff20999df2af8eb42d56 -> 
========================================================================
Received Import Request.
  Time since last request: 103.616311 seconds.
  path: Assets/Animations/gem_sparkle.anim
  artifactKey: Guid(d11c3c06db9737940b43ebfe4b0ee7e1) Importer(815301076,1909f56bfc062723c751e8b465ee728b)
Start importing Assets/Animations/gem_sparkle.anim using Guid(d11c3c06db9737940b43ebfe4b0ee7e1) Importer(815301076,1909f56bfc062723c751e8b465ee728b)  -> (artifact id: '9906deacc5fef847514a342159e499de') in 0.021140 seconds 
  Import took 0.026997 seconds .

========================================================================
Received Import Request.
  Time since last request: 0.003548 seconds.
  path: Assets/Animations/gem_sparkle.anim
  artifactKey: Guid(d11c3c06db9737940b43ebfe4b0ee7e1) Importer(815301076,1909f56bfc062723c751e8b465ee728b)
Start importing Assets/Animations/gem_sparkle.anim using Guid(d11c3c06db9737940b43ebfe4b0ee7e1) Importer(815301076,1909f56bfc062723c751e8b465ee728b)  -> (artifact id: '9906deacc5fef847514a342159e499de') in 0.002965 seconds 
  Import took 0.008907 seconds .

========================================================================
Received Prepare
Registering precompiled user dll's ...
Registered in 0.003643 seconds.
Begin MonoManager ReloadAssembly
Native extension for WindowsStandalone target not found
Native extension for WebGL target not found
Refreshing native plugins compatible for Editor in 1.02 ms, found 3 plugins.
Preloading 0 native plugins for Editor in 0.00 ms.
Mono: successfully reloaded assembly
- Completed reload, in  1.769 seconds
Domain Reload Profiling:
	ReloadAssembly (1770ms)
		BeginReloadAssembly (191ms)
			ExecutionOrderSort (0ms)
			DisableScriptedObjects (11ms)
			BackupInstance (0ms)
			ReleaseScriptingObjects (0ms)
			CreateAndSetChildDomain (57ms)
		EndReloadAssembly (1462ms)
			LoadAssemblies (184ms)
			RebuildTransferFunctionScriptingTraits (0ms)
			SetupTypeCache (518ms)
			ReleaseScriptCaches (1ms)
			RebuildScriptCaches (78ms)
			SetupLoadedEditorAssemblies (507ms)
				LogAssemblyErrors (0ms)
				InitializePlatformSupportModulesInManaged (11ms)
				SetLoadedEditorAssemblies (1ms)
				RefreshPlugins (1ms)
				BeforeProcessingInitializeOnLoad (153ms)
				ProcessInitializeOnLoadAttributes (318ms)
				ProcessInitializeOnLoadMethodAttributes (9ms)
				AfterProcessingInitializeOnLoad (13ms)
				EditorAssembliesLoaded (0ms)
			ExecutionOrderSort2 (0ms)
			AwakeInstancesAfterBackupRestoration (17ms)
Platform modules already initialized, skipping
Refreshing native plugins compatible for Editor in 0.69 ms, found 3 plugins.
Preloading 0 native plugins for Editor in 0.00 ms.
Unloading 2090 Unused Serialized files (Serialized files now loaded: 0)
System memory in use before: 96.0 MB.
System memory in use after: 96.1 MB.

Unloading 14 unused Assets to reduce memory usage. Loaded Objects now: 2592.
Total: 5.402500 ms (FindLiveObjects: 0.409700 ms CreateObjectMapping: 0.186000 ms MarkObjects: 4.773800 ms  DeleteObjects: 0.031400 ms)

AssetImportParameters requested are different than current active one (requested -> active):
  custom:framework-win-MediaFoundation: 216162199b28c13a410421893ffa2e32 -> 
  custom:video-decoder-ogg-theora: a1e56fd34408186e4bbccfd4996cb3dc -> 
  custom:container-muxer-webm: aa71ff27fc2769a1b78a27578f13a17b -> 
  custom:container-demuxer-webm: 4f35f7cbe854078d1ac9338744f61a02 -> 
  custom:container-demuxer-ogg: 62fdf1f143b41e24485cea50d1cbac27 -> 
  custom:video-encoder-webm-vp8: eb34c28f22e8b96e1ab97ce403110664 -> 
  custom:video-decoder-webm-vp8: 9c59270c3fd7afecdb556c50c9e8de78 -> 
  custom:audio-decoder-ogg-vorbis: bf7c407c2cedff20999df2af8eb42d56 -> 
  custom:audio-encoder-webm-vorbis: bf7c407c2cedff20999df2af8eb42d56 -> 
========================================================================
Received Prepare
Registering precompiled user dll's ...
Registered in 0.003625 seconds.
Begin MonoManager ReloadAssembly
Native extension for WindowsStandalone target not found
Native extension for WebGL target not found
Refreshing native plugins compatible for Editor in 0.63 ms, found 3 plugins.
Preloading 0 native plugins for Editor in 0.00 ms.
Mono: successfully reloaded assembly
- Completed reload, in  1.760 seconds
Domain Reload Profiling:
	ReloadAssembly (1761ms)
		BeginReloadAssembly (186ms)
			ExecutionOrderSort (0ms)
			DisableScriptedObjects (13ms)
			BackupInstance (0ms)
			ReleaseScriptingObjects (0ms)
			CreateAndSetChildDomain (55ms)
		EndReloadAssembly (1456ms)
			LoadAssemblies (162ms)
			RebuildTransferFunctionScriptingTraits (0ms)
			SetupTypeCache (523ms)
			ReleaseScriptCaches (1ms)
			RebuildScriptCaches (76ms)
			SetupLoadedEditorAssemblies (509ms)
				LogAssemblyErrors (0ms)
				InitializePlatformSupportModulesInManaged (10ms)
				SetLoadedEditorAssemblies (2ms)
				RefreshPlugins (1ms)
				BeforeProcessingInitializeOnLoad (155ms)
				ProcessInitializeOnLoadAttributes (320ms)
				ProcessInitializeOnLoadMethodAttributes (9ms)
				AfterProcessingInitializeOnLoad (12ms)
				EditorAssembliesLoaded (0ms)
			ExecutionOrderSort2 (0ms)
			AwakeInstancesAfterBackupRestoration (18ms)
Platform modules already initialized, skipping
Refreshing native plugins compatible for Editor in 0.68 ms, found 3 plugins.
Preloading 0 native plugins for Editor in 0.00 ms.
Unloading 2090 Unused Serialized files (Serialized files now loaded: 0)
System memory in use before: 96.0 MB.
System memory in use after: 96.1 MB.

Unloading 14 unused Assets to reduce memory usage. Loaded Objects now: 2595.
Total: 4.724400 ms (FindLiveObjects: 0.254000 ms CreateObjectMapping: 0.136800 ms MarkObjects: 4.295300 ms  DeleteObjects: 0.036800 ms)

AssetImportParameters requested are different than current active one (requested -> active):
  custom:framework-win-MediaFoundation: 216162199b28c13a410421893ffa2e32 -> 
  custom:video-decoder-ogg-theora: a1e56fd34408186e4bbccfd4996cb3dc -> 
  custom:container-muxer-webm: aa71ff27fc2769a1b78a27578f13a17b -> 
  custom:container-demuxer-webm: 4f35f7cbe854078d1ac9338744f61a02 -> 
  custom:container-demuxer-ogg: 62fdf1f143b41e24485cea50d1cbac27 -> 
  custom:video-encoder-webm-vp8: eb34c28f22e8b96e1ab97ce403110664 -> 
  custom:video-decoder-webm-vp8: 9c59270c3fd7afecdb556c50c9e8de78 -> 
  custom:audio-decoder-ogg-vorbis: bf7c407c2cedff20999df2af8eb42d56 -> 
  custom:audio-encoder-webm-vorbis: bf7c407c2cedff20999df2af8eb42d56 -> 
========================================================================
Received Import Request.
  Time since last request: 114.132202 seconds.
  path: Assets/Prefabs/BlueGem.prefab
  artifactKey: Guid(41e5d453e606fb74f9bbba3ecbe5356b) Importer(815301076,1909f56bfc062723c751e8b465ee728b)
Start importing Assets/Prefabs/BlueGem.prefab using Guid(41e5d453e606fb74f9bbba3ecbe5356b) Importer(815301076,1909f56bfc062723c751e8b465ee728b)  -> (artifact id: 'c31ddb1e3a0bf058f5307f9ce9f2cafb') in 0.107402 seconds 
  Import took 0.113022 seconds .

========================================================================
Received Import Request.
  Time since last request: 0.007495 seconds.
  path: Assets/Prefabs/BlueGem.prefab
  artifactKey: Guid(41e5d453e606fb74f9bbba3ecbe5356b) Importer(815301076,1909f56bfc062723c751e8b465ee728b)
Start importing Assets/Prefabs/BlueGem.prefab using Guid(41e5d453e606fb74f9bbba3ecbe5356b) Importer(815301076,1909f56bfc062723c751e8b465ee728b)  -> (artifact id: 'c31ddb1e3a0bf058f5307f9ce9f2cafb') in 0.031408 seconds 
  Import took 0.037620 seconds .

========================================================================
Received Prepare
Registering precompiled user dll's ...
Registered in 0.003677 seconds.
Begin MonoManager ReloadAssembly
Native extension for WindowsStandalone target not found
Native extension for WebGL target not found
Refreshing native plugins compatible for Editor in 0.64 ms, found 3 plugins.
Preloading 0 native plugins for Editor in 0.00 ms.
Mono: successfully reloaded assembly
- Completed reload, in  1.798 seconds
Domain Reload Profiling:
	ReloadAssembly (1798ms)
		BeginReloadAssembly (201ms)
			ExecutionOrderSort (0ms)
			DisableScriptedObjects (11ms)
			BackupInstance (0ms)
			ReleaseScriptingObjects (0ms)
			CreateAndSetChildDomain (57ms)
		EndReloadAssembly (1479ms)
			LoadAssemblies (167ms)
			RebuildTransferFunctionScriptingTraits (0ms)
			SetupTypeCache (515ms)
			ReleaseScriptCaches (2ms)
			RebuildScriptCaches (79ms)
			SetupLoadedEditorAssemblies (528ms)
				LogAssemblyErrors (0ms)
				InitializePlatformSupportModulesInManaged (11ms)
				SetLoadedEditorAssemblies (1ms)
				RefreshPlugins (1ms)
				BeforeProcessingInitializeOnLoad (162ms)
				ProcessInitializeOnLoadAttributes (331ms)
				ProcessInitializeOnLoadMethodAttributes (9ms)
				AfterProcessingInitializeOnLoad (13ms)
				EditorAssembliesLoaded (0ms)
			ExecutionOrderSort2 (0ms)
			AwakeInstancesAfterBackupRestoration (19ms)
Platform modules already initialized, skipping
Refreshing native plugins compatible for Editor in 0.69 ms, found 3 plugins.
Preloading 0 native plugins for Editor in 0.00 ms.
Unloading 2090 Unused Serialized files (Serialized files now loaded: 0)
System memory in use before: 96.0 MB.
System memory in use after: 96.1 MB.

Unloading 14 unused Assets to reduce memory usage. Loaded Objects now: 2602.
Total: 4.792000 ms (FindLiveObjects: 0.313700 ms CreateObjectMapping: 0.140100 ms MarkObjects: 4.309200 ms  DeleteObjects: 0.027500 ms)

AssetImportParameters requested are different than current active one (requested -> active):
  custom:framework-win-MediaFoundation: 216162199b28c13a410421893ffa2e32 -> 
  custom:video-decoder-ogg-theora: a1e56fd34408186e4bbccfd4996cb3dc -> 
  custom:container-muxer-webm: aa71ff27fc2769a1b78a27578f13a17b -> 
  custom:container-demuxer-webm: 4f35f7cbe854078d1ac9338744f61a02 -> 
  custom:container-demuxer-ogg: 62fdf1f143b41e24485cea50d1cbac27 -> 
  custom:video-encoder-webm-vp8: eb34c28f22e8b96e1ab97ce403110664 -> 
  custom:video-decoder-webm-vp8: 9c59270c3fd7afecdb556c50c9e8de78 -> 
  custom:audio-decoder-ogg-vorbis: bf7c407c2cedff20999df2af8eb42d56 -> 
  custom:audio-encoder-webm-vorbis: bf7c407c2cedff20999df2af8eb42d56 -> 
========================================================================
Received Prepare
Registering precompiled user dll's ...
Registered in 0.003656 seconds.
Begin MonoManager ReloadAssembly
Native extension for WindowsStandalone target not found
Native extension for WebGL target not found
Refreshing native plugins compatible for Editor in 0.63 ms, found 3 plugins.
Preloading 0 native plugins for Editor in 0.00 ms.
Mono: successfully reloaded assembly
- Completed reload, in  1.680 seconds
Domain Reload Profiling:
	ReloadAssembly (1681ms)
		BeginReloadAssembly (186ms)
			ExecutionOrderSort (0ms)
			DisableScriptedObjects (10ms)
			BackupInstance (0ms)
			ReleaseScriptingObjects (0ms)
			CreateAndSetChildDomain (52ms)
		EndReloadAssembly (1386ms)
			LoadAssemblies (156ms)
			RebuildTransferFunctionScriptingTraits (0ms)
			SetupTypeCache (488ms)
			ReleaseScriptCaches (1ms)
			RebuildScriptCaches (73ms)
			SetupLoadedEditorAssemblies (494ms)
				LogAssemblyErrors (0ms)
				InitializePlatformSupportModulesInManaged (10ms)
				SetLoadedEditorAssemblies (1ms)
				RefreshPlugins (1ms)
				BeforeProcessingInitializeOnLoad (153ms)
				ProcessInitializeOnLoadAttributes (306ms)
				ProcessInitializeOnLoadMethodAttributes (9ms)
				AfterProcessingInitializeOnLoad (14ms)
				EditorAssembliesLoaded (0ms)
			ExecutionOrderSort2 (0ms)
			AwakeInstancesAfterBackupRestoration (20ms)
Platform modules already initialized, skipping
Refreshing native plugins compatible for Editor in 0.64 ms, found 3 plugins.
Preloading 0 native plugins for Editor in 0.00 ms.
Unloading 2090 Unused Serialized files (Serialized files now loaded: 0)
System memory in use before: 96.0 MB.
System memory in use after: 96.2 MB.

Unloading 14 unused Assets to reduce memory usage. Loaded Objects now: 2605.
Total: 5.397400 ms (FindLiveObjects: 0.258300 ms CreateObjectMapping: 0.142600 ms MarkObjects: 4.965500 ms  DeleteObjects: 0.029500 ms)

AssetImportParameters requested are different than current active one (requested -> active):
  custom:framework-win-MediaFoundation: 216162199b28c13a410421893ffa2e32 -> 
  custom:video-decoder-ogg-theora: a1e56fd34408186e4bbccfd4996cb3dc -> 
  custom:container-muxer-webm: aa71ff27fc2769a1b78a27578f13a17b -> 
  custom:container-demuxer-webm: 4f35f7cbe854078d1ac9338744f61a02 -> 
  custom:container-demuxer-ogg: 62fdf1f143b41e24485cea50d1cbac27 -> 
  custom:video-encoder-webm-vp8: eb34c28f22e8b96e1ab97ce403110664 -> 
  custom:video-decoder-webm-vp8: 9c59270c3fd7afecdb556c50c9e8de78 -> 
  custom:audio-decoder-ogg-vorbis: bf7c407c2cedff20999df2af8eb42d56 -> 
  custom:audio-encoder-webm-vorbis: bf7c407c2cedff20999df2af8eb42d56 -> 
========================================================================
Received Prepare
Registering precompiled user dll's ...
Registered in 0.003695 seconds.
Begin MonoManager ReloadAssembly
Native extension for WindowsStandalone target not found
Native extension for WebGL target not found
Refreshing native plugins compatible for Editor in 0.67 ms, found 3 plugins.
Preloading 0 native plugins for Editor in 0.00 ms.
Mono: successfully reloaded assembly
- Completed reload, in  1.715 seconds
Domain Reload Profiling:
	ReloadAssembly (1716ms)
		BeginReloadAssembly (176ms)
			ExecutionOrderSort (0ms)
			DisableScriptedObjects (12ms)
			BackupInstance (0ms)
			ReleaseScriptingObjects (0ms)
			CreateAndSetChildDomain (53ms)
		EndReloadAssembly (1421ms)
			LoadAssemblies (158ms)
			RebuildTransferFunctionScriptingTraits (0ms)
			SetupTypeCache (499ms)
			ReleaseScriptCaches (1ms)
			RebuildScriptCaches (77ms)
			SetupLoadedEditorAssemblies (511ms)
				LogAssemblyErrors (0ms)
				InitializePlatformSupportModulesInManaged (10ms)
				SetLoadedEditorAssemblies (2ms)
				RefreshPlugins (1ms)
				BeforeProcessingInitializeOnLoad (162ms)
				ProcessInitializeOnLoadAttributes (315ms)
				ProcessInitializeOnLoadMethodAttributes (9ms)
				AfterProcessingInitializeOnLoad (12ms)
				EditorAssembliesLoaded (0ms)
			ExecutionOrderSort2 (0ms)
			AwakeInstancesAfterBackupRestoration (17ms)
Platform modules already initialized, skipping
Refreshing native plugins compatible for Editor in 0.62 ms, found 3 plugins.
Preloading 0 native plugins for Editor in 0.00 ms.
Unloading 2090 Unused Serialized files (Serialized files now loaded: 0)
System memory in use before: 96.0 MB.
System memory in use after: 96.2 MB.

Unloading 14 unused Assets to reduce memory usage. Loaded Objects now: 2608.
Total: 4.984200 ms (FindLiveObjects: 0.266700 ms CreateObjectMapping: 0.149800 ms MarkObjects: 4.537900 ms  DeleteObjects: 0.028000 ms)

AssetImportParameters requested are different than current active one (requested -> active):
  custom:framework-win-MediaFoundation: 216162199b28c13a410421893ffa2e32 -> 
  custom:video-decoder-ogg-theora: a1e56fd34408186e4bbccfd4996cb3dc -> 
  custom:container-muxer-webm: aa71ff27fc2769a1b78a27578f13a17b -> 
  custom:container-demuxer-webm: 4f35f7cbe854078d1ac9338744f61a02 -> 
  custom:container-demuxer-ogg: 62fdf1f143b41e24485cea50d1cbac27 -> 
  custom:video-encoder-webm-vp8: eb34c28f22e8b96e1ab97ce403110664 -> 
  custom:video-decoder-webm-vp8: 9c59270c3fd7afecdb556c50c9e8de78 -> 
  custom:audio-decoder-ogg-vorbis: bf7c407c2cedff20999df2af8eb42d56 -> 
  custom:audio-encoder-webm-vorbis: bf7c407c2cedff20999df2af8eb42d56 -> 
========================================================================
Received Import Request.
  Time since last request: 215.581567 seconds.
  path: Assets/Prefabs/GreenGem.prefab
  artifactKey: Guid(5de873670f3a4404396dcad2bb70bd8e) Importer(815301076,1909f56bfc062723c751e8b465ee728b)
Start importing Assets/Prefabs/GreenGem.prefab using Guid(5de873670f3a4404396dcad2bb70bd8e) Importer(815301076,1909f56bfc062723c751e8b465ee728b)  -> (artifact id: 'ef5187143e10aab5705fe2f8db49d338') in 0.110506 seconds 
  Import took 0.119865 seconds .

========================================================================
Received Import Request.
  Time since last request: 0.459275 seconds.
  path: Assets/Prefabs/RedGem.prefab
  artifactKey: Guid(db8c7a0ea938dff44a6f840e7e733c5b) Importer(815301076,1909f56bfc062723c751e8b465ee728b)
Start importing Assets/Prefabs/RedGem.prefab using Guid(db8c7a0ea938dff44a6f840e7e733c5b) Importer(815301076,1909f56bfc062723c751e8b465ee728b)  -> (artifact id: '4438561425f1dbefdabf8beb171d0506') in 0.033844 seconds 
  Import took 0.040540 seconds .

========================================================================
Received Prepare
Registering precompiled user dll's ...
Registered in 0.003764 seconds.
Begin MonoManager ReloadAssembly
Native extension for WindowsStandalone target not found
Native extension for WebGL target not found
Refreshing native plugins compatible for Editor in 0.66 ms, found 3 plugins.
Preloading 0 native plugins for Editor in 0.00 ms.
Mono: successfully reloaded assembly
- Completed reload, in  1.729 seconds
Domain Reload Profiling:
	ReloadAssembly (1729ms)
		BeginReloadAssembly (181ms)
			ExecutionOrderSort (0ms)
			DisableScriptedObjects (10ms)
			BackupInstance (0ms)
			ReleaseScriptingObjects (0ms)
			CreateAndSetChildDomain (53ms)
		EndReloadAssembly (1427ms)
			LoadAssemblies (151ms)
			RebuildTransferFunctionScriptingTraits (0ms)
			SetupTypeCache (513ms)
			ReleaseScriptCaches (1ms)
			RebuildScriptCaches (76ms)
			SetupLoadedEditorAssemblies (510ms)
				LogAssemblyErrors (0ms)
				InitializePlatformSupportModulesInManaged (10ms)
				SetLoadedEditorAssemblies (1ms)
				RefreshPlugins (1ms)
				BeforeProcessingInitializeOnLoad (154ms)
				ProcessInitializeOnLoadAttributes (322ms)
				ProcessInitializeOnLoadMethodAttributes (9ms)
				AfterProcessingInitializeOnLoad (13ms)
				EditorAssembliesLoaded (0ms)
			ExecutionOrderSort2 (0ms)
			AwakeInstancesAfterBackupRestoration (18ms)
Platform modules already initialized, skipping
Refreshing native plugins compatible for Editor in 0.66 ms, found 3 plugins.
Preloading 0 native plugins for Editor in 0.00 ms.
Unloading 2090 Unused Serialized files (Serialized files now loaded: 0)
System memory in use before: 96.1 MB.
System memory in use after: 96.2 MB.

Unloading 14 unused Assets to reduce memory usage. Loaded Objects now: 2612.
Total: 5.054200 ms (FindLiveObjects: 0.291100 ms CreateObjectMapping: 0.165600 ms MarkObjects: 4.567500 ms  DeleteObjects: 0.028400 ms)

AssetImportParameters requested are different than current active one (requested -> active):
  custom:framework-win-MediaFoundation: 216162199b28c13a410421893ffa2e32 -> 
  custom:video-decoder-ogg-theora: a1e56fd34408186e4bbccfd4996cb3dc -> 
  custom:container-muxer-webm: aa71ff27fc2769a1b78a27578f13a17b -> 
  custom:container-demuxer-webm: 4f35f7cbe854078d1ac9338744f61a02 -> 
  custom:container-demuxer-ogg: 62fdf1f143b41e24485cea50d1cbac27 -> 
  custom:video-encoder-webm-vp8: eb34c28f22e8b96e1ab97ce403110664 -> 
  custom:video-decoder-webm-vp8: 9c59270c3fd7afecdb556c50c9e8de78 -> 
  custom:audio-decoder-ogg-vorbis: bf7c407c2cedff20999df2af8eb42d56 -> 
  custom:audio-encoder-webm-vorbis: bf7c407c2cedff20999df2af8eb42d56 -> 
========================================================================
Received Import Request.
  Time since last request: 55.511286 seconds.
  path: Assets/Animations/gem_sparkle.anim
  artifactKey: Guid(d11c3c06db9737940b43ebfe4b0ee7e1) Importer(815301076,1909f56bfc062723c751e8b465ee728b)
Start importing Assets/Animations/gem_sparkle.anim using Guid(d11c3c06db9737940b43ebfe4b0ee7e1) Importer(815301076,1909f56bfc062723c751e8b465ee728b)  -> (artifact id: 'c1df6cbb1fe23af35e46d36c3605a8d6') in 0.016365 seconds 
  Import took 0.021596 seconds .

========================================================================
Received Import Request.
  Time since last request: 0.893249 seconds.
  path: Assets/Animations/gem_sparkle.anim
  artifactKey: Guid(d11c3c06db9737940b43ebfe4b0ee7e1) Importer(815301076,1909f56bfc062723c751e8b465ee728b)
Start importing Assets/Animations/gem_sparkle.anim using Guid(d11c3c06db9737940b43ebfe4b0ee7e1) Importer(815301076,1909f56bfc062723c751e8b465ee728b)  -> (artifact id: 'c1df6cbb1fe23af35e46d36c3605a8d6') in 0.003552 seconds 
  Import took 0.008789 seconds .

========================================================================
Received Import Request.
  Time since last request: 38.390332 seconds.
  path: Assets/Prefabs/BlueGem.prefab
  artifactKey: Guid(41e5d453e606fb74f9bbba3ecbe5356b) Importer(815301076,1909f56bfc062723c751e8b465ee728b)
Start importing Assets/Prefabs/BlueGem.prefab using Guid(41e5d453e606fb74f9bbba3ecbe5356b) Importer(815301076,1909f56bfc062723c751e8b465ee728b) The AnimationClip 'gem_sparkle' used by the Animation component 'BlueGem' must be marked as Legacy.
The AnimationClip 'gem_sparkle' used by the Animation component 'BlueGem(Clone)' must be marked as Legacy.
UnityEngine.StackTraceUtility:ExtractStackTrace ()
UnityEditor.EditorUtility:Internal_InstantiateRemoveAllNonAnimationComponentsSingle (UnityEngine.Object,UnityEngine.Vector3,UnityEngine.Quaternion)
UnityEditor.EditorUtility:InstantiateRemoveAllNonAnimationComponents (UnityEngine.Object,UnityEngine.Vector3,UnityEngine.Quaternion)
UnityEditor.EditorUtility:InstantiateForAnimatorPreview (UnityEngine.Object)
UnityEditor.GameObjectInspector/PreviewData:UpdateGameObject (UnityEngine.Object)
UnityEditor.GameObjectInspector/PreviewData:.ctor (UnityEngine.Object)
UnityEditor.GameObjectInspector:GetPreviewData ()
UnityEditor.GameObjectInspector:RenderStaticPreview (string,UnityEngine.Object[],int,int)
UnityEditor.AssetPreviewUpdater:CreatePreviewForAsset (UnityEngine.Object,UnityEngine.Object[],string)

[C:\buildslave\unity\build\Modules/Animation/Animation.cpp line 2050]

The AnimationClip 'gem_sparkle' used by the Animation component 'BlueGem(Clone)AnimatorPreview' must be marked as Legacy.
UnityEngine.StackTraceUtility:ExtractStackTrace ()
UnityEditor.EditorUtility:InitInstantiatedPreviewRecursive (UnityEngine.GameObject)
UnityEditor.EditorUtility:InstantiateForAnimatorPreview (UnityEngine.Object)
UnityEditor.GameObjectInspector/PreviewData:UpdateGameObject (UnityEngine.Object)
UnityEditor.GameObjectInspector/PreviewData:.ctor (UnityEngine.Object)
UnityEditor.GameObjectInspector:GetPreviewData ()
UnityEditor.GameObjectInspector:RenderStaticPreview (string,UnityEngine.Object[],int,int)
UnityEditor.AssetPreviewUpdater:CreatePreviewForAsset (UnityEngine.Object,UnityEngine.Object[],string)

[C:\buildslave\unity\build\Modules/Animation/Animation.cpp line 2050]

 -> (artifact id: '33b995571d9197f45b7d34c4f70d0a41') in 0.096532 seconds 
  Import took 0.103893 seconds .

========================================================================
Received Import Request.
  Time since last request: 32.550261 seconds.
  path: Assets/Prefabs/BlueGem.prefab
  artifactKey: Guid(41e5d453e606fb74f9bbba3ecbe5356b) Importer(815301076,1909f56bfc062723c751e8b465ee728b)
Start importing Assets/Prefabs/BlueGem.prefab using Guid(41e5d453e606fb74f9bbba3ecbe5356b) Importer(815301076,1909f56bfc062723c751e8b465ee728b)  -> (artifact id: '2c5b70d32c0903bf80321600c479e697') in 0.030804 seconds 
  Import took 0.037829 seconds .

========================================================================
Received Import Request.
  Time since last request: 0.003620 seconds.
  path: Assets/Prefabs/BlueGem.prefab
  artifactKey: Guid(41e5d453e606fb74f9bbba3ecbe5356b) Importer(815301076,1909f56bfc062723c751e8b465ee728b)
Start importing Assets/Prefabs/BlueGem.prefab using Guid(41e5d453e606fb74f9bbba3ecbe5356b) Importer(815301076,1909f56bfc062723c751e8b465ee728b)  -> (artifact id: '2c5b70d32c0903bf80321600c479e697') in 0.035548 seconds 
  Import took 0.042989 seconds .

========================================================================
Received Import Request.
  Time since last request: 6.118155 seconds.
  path: Assets/Prefabs/PurpleGem.prefab
  artifactKey: Guid(ed90b48079d310940848f3b2236c8cb2) Importer(815301076,1909f56bfc062723c751e8b465ee728b)
Start importing Assets/Prefabs/PurpleGem.prefab using Guid(ed90b48079d310940848f3b2236c8cb2) Importer(815301076,1909f56bfc062723c751e8b465ee728b)  -> (artifact id: '35cfc46bd0e25c0d08a7bb7951278f43') in 0.030700 seconds 
  Import took 0.037491 seconds .

========================================================================
Received Import Request.
  Time since last request: 0.004346 seconds.
  path: Assets/Prefabs/PurpleGem.prefab
  artifactKey: Guid(ed90b48079d310940848f3b2236c8cb2) Importer(815301076,1909f56bfc062723c751e8b465ee728b)
Start importing Assets/Prefabs/PurpleGem.prefab using Guid(ed90b48079d310940848f3b2236c8cb2) Importer(815301076,1909f56bfc062723c751e8b465ee728b)  -> (artifact id: '35cfc46bd0e25c0d08a7bb7951278f43') in 0.038090 seconds 
  Import took 0.044501 seconds .

========================================================================
Received Prepare
Registering precompiled user dll's ...
Registered in 0.003783 seconds.
Begin MonoManager ReloadAssembly
Native extension for WindowsStandalone target not found
Native extension for WebGL target not found
Refreshing native plugins compatible for Editor in 0.63 ms, found 3 plugins.
Preloading 0 native plugins for Editor in 0.00 ms.
Mono: successfully reloaded assembly
- Completed reload, in  1.705 seconds
Domain Reload Profiling:
	ReloadAssembly (1706ms)
		BeginReloadAssembly (200ms)
			ExecutionOrderSort (0ms)
			DisableScriptedObjects (13ms)
			BackupInstance (0ms)
			ReleaseScriptingObjects (0ms)
			CreateAndSetChildDomain (58ms)
		EndReloadAssembly (1386ms)
			LoadAssemblies (155ms)
			RebuildTransferFunctionScriptingTraits (0ms)
			SetupTypeCache (486ms)
			ReleaseScriptCaches (1ms)
			RebuildScriptCaches (72ms)
			SetupLoadedEditorAssemblies (505ms)
				LogAssemblyErrors (0ms)
				InitializePlatformSupportModulesInManaged (10ms)
				SetLoadedEditorAssemblies (1ms)
				RefreshPlugins (1ms)
				BeforeProcessingInitializeOnLoad (154ms)
				ProcessInitializeOnLoadAttributes (317ms)
				ProcessInitializeOnLoadMethodAttributes (9ms)
				AfterProcessingInitializeOnLoad (14ms)
				EditorAssembliesLoaded (0ms)
			ExecutionOrderSort2 (0ms)
			AwakeInstancesAfterBackupRestoration (18ms)
Platform modules already initialized, skipping
Refreshing native plugins compatible for Editor in 0.66 ms, found 3 plugins.
Preloading 0 native plugins for Editor in 0.00 ms.
Unloading 2090 Unused Serialized files (Serialized files now loaded: 0)
System memory in use before: 96.2 MB.
System memory in use after: 96.3 MB.

Unloading 14 unused Assets to reduce memory usage. Loaded Objects now: 2616.
Total: 5.408300 ms (FindLiveObjects: 0.294000 ms CreateObjectMapping: 0.129200 ms MarkObjects: 4.956500 ms  DeleteObjects: 0.027400 ms)

AssetImportParameters requested are different than current active one (requested -> active):
  custom:framework-win-MediaFoundation: 216162199b28c13a410421893ffa2e32 -> 
  custom:video-decoder-ogg-theora: a1e56fd34408186e4bbccfd4996cb3dc -> 
  custom:container-muxer-webm: aa71ff27fc2769a1b78a27578f13a17b -> 
  custom:container-demuxer-webm: 4f35f7cbe854078d1ac9338744f61a02 -> 
  custom:container-demuxer-ogg: 62fdf1f143b41e24485cea50d1cbac27 -> 
  custom:video-encoder-webm-vp8: eb34c28f22e8b96e1ab97ce403110664 -> 
  custom:video-decoder-webm-vp8: 9c59270c3fd7afecdb556c50c9e8de78 -> 
  custom:audio-decoder-ogg-vorbis: bf7c407c2cedff20999df2af8eb42d56 -> 
  custom:audio-encoder-webm-vorbis: bf7c407c2cedff20999df2af8eb42d56 -> 
========================================================================
Received Import Request.
  Time since last request: 55.038210 seconds.
  path: Assets/Prefabs/BlueGem.prefab
  artifactKey: Guid(41e5d453e606fb74f9bbba3ecbe5356b) Importer(815301076,1909f56bfc062723c751e8b465ee728b)
Start importing Assets/Prefabs/BlueGem.prefab using Guid(41e5d453e606fb74f9bbba3ecbe5356b) Importer(815301076,1909f56bfc062723c751e8b465ee728b)  -> (artifact id: 'dad4e85076984bb4e005b03d6a7432ce') in 0.104298 seconds 
  Import took 0.111262 seconds .

========================================================================
Received Import Request.
  Time since last request: 0.469475 seconds.
  path: Assets/Prefabs/GreenGem.prefab
  artifactKey: Guid(5de873670f3a4404396dcad2bb70bd8e) Importer(815301076,1909f56bfc062723c751e8b465ee728b)
Start importing Assets/Prefabs/GreenGem.prefab using Guid(5de873670f3a4404396dcad2bb70bd8e) Importer(815301076,1909f56bfc062723c751e8b465ee728b)  -> (artifact id: '1805e80f56a0ebd30386408f43def7e1') in 0.030301 seconds 
  Import took 0.036957 seconds .

========================================================================
Received Import Request.
  Time since last request: 0.766738 seconds.
  path: Assets/Prefabs/RedGem.prefab
  artifactKey: Guid(db8c7a0ea938dff44a6f840e7e733c5b) Importer(815301076,1909f56bfc062723c751e8b465ee728b)
Start importing Assets/Prefabs/RedGem.prefab using Guid(db8c7a0ea938dff44a6f840e7e733c5b) Importer(815301076,1909f56bfc062723c751e8b465ee728b)  -> (artifact id: 'e431a2212dac750ec41739fe4abefd0a') in 0.030478 seconds 
  Import took 0.036747 seconds .

========================================================================
Received Import Request.
  Time since last request: 24.037668 seconds.
  path: Assets/Prefabs/PurpleGem.prefab
  artifactKey: Guid(ed90b48079d310940848f3b2236c8cb2) Importer(815301076,1909f56bfc062723c751e8b465ee728b)
Start importing Assets/Prefabs/PurpleGem.prefab using Guid(ed90b48079d310940848f3b2236c8cb2) Importer(815301076,1909f56bfc062723c751e8b465ee728b)  -> (artifact id: '9ee8c6e2636bb973c66fae005aa06e51') in 0.030209 seconds 
  Import took 0.036367 seconds .

========================================================================
Received Import Request.
  Time since last request: 0.000847 seconds.
  path: Assets/Prefabs/PurpleGem.prefab
  artifactKey: Guid(ed90b48079d310940848f3b2236c8cb2) Importer(815301076,1909f56bfc062723c751e8b465ee728b)
Start importing Assets/Prefabs/PurpleGem.prefab using Guid(ed90b48079d310940848f3b2236c8cb2) Importer(815301076,1909f56bfc062723c751e8b465ee728b)  -> (artifact id: '9ee8c6e2636bb973c66fae005aa06e51') in 0.028647 seconds 
  Import took 0.036571 seconds .

========================================================================
Received Import Request.
  Time since last request: 2.538650 seconds.
  path: Assets/Prefabs/YellowGem.prefab
  artifactKey: Guid(7355916e97f423e4a93cb2157af96986) Importer(815301076,1909f56bfc062723c751e8b465ee728b)
Start importing Assets/Prefabs/YellowGem.prefab using Guid(7355916e97f423e4a93cb2157af96986) Importer(815301076,1909f56bfc062723c751e8b465ee728b)  -> (artifact id: '68662f45717012f58f4d5c627294b62e') in 0.030401 seconds 
  Import took 0.037510 seconds .

========================================================================
Received Import Request.
  Time since last request: 0.003321 seconds.
  path: Assets/Prefabs/YellowGem.prefab
  artifactKey: Guid(7355916e97f423e4a93cb2157af96986) Importer(815301076,1909f56bfc062723c751e8b465ee728b)
Start importing Assets/Prefabs/YellowGem.prefab using Guid(7355916e97f423e4a93cb2157af96986) Importer(815301076,1909f56bfc062723c751e8b465ee728b)  -> (artifact id: '68662f45717012f58f4d5c627294b62e') in 0.029904 seconds 
  Import took 0.037584 seconds .

========================================================================
Received Prepare
Registering precompiled user dll's ...
Registered in 0.004307 seconds.
Begin MonoManager ReloadAssembly
Native extension for WindowsStandalone target not found
Native extension for WebGL target not found
Refreshing native plugins compatible for Editor in 0.62 ms, found 3 plugins.
Preloading 0 native plugins for Editor in 0.00 ms.
Mono: successfully reloaded assembly
- Completed reload, in  1.734 seconds
Domain Reload Profiling:
	ReloadAssembly (1735ms)
		BeginReloadAssembly (186ms)
			ExecutionOrderSort (0ms)
			DisableScriptedObjects (11ms)
			BackupInstance (0ms)
			ReleaseScriptingObjects (0ms)
			CreateAndSetChildDomain (53ms)
		EndReloadAssembly (1437ms)
			LoadAssemblies (160ms)
			RebuildTransferFunctionScriptingTraits (0ms)
			SetupTypeCache (526ms)
			ReleaseScriptCaches (1ms)
			RebuildScriptCaches (72ms)
			SetupLoadedEditorAssemblies (502ms)
				LogAssemblyErrors (0ms)
				InitializePlatformSupportModulesInManaged (10ms)
				SetLoadedEditorAssemblies (1ms)
				RefreshPlugins (1ms)
				BeforeProcessingInitializeOnLoad (150ms)
				ProcessInitializeOnLoadAttributes (318ms)
				ProcessInitializeOnLoadMethodAttributes (9ms)
				AfterProcessingInitializeOnLoad (14ms)
				EditorAssembliesLoaded (0ms)
			ExecutionOrderSort2 (0ms)
			AwakeInstancesAfterBackupRestoration (18ms)
Platform modules already initialized, skipping
Refreshing native plugins compatible for Editor in 1.22 ms, found 3 plugins.
Preloading 0 native plugins for Editor in 0.00 ms.
Unloading 2090 Unused Serialized files (Serialized files now loaded: 0)
System memory in use before: 96.3 MB.
System memory in use after: 96.4 MB.

Unloading 14 unused Assets to reduce memory usage. Loaded Objects now: 2620.
Total: 7.599100 ms (FindLiveObjects: 0.495400 ms CreateObjectMapping: 0.240700 ms MarkObjects: 6.812000 ms  DeleteObjects: 0.048400 ms)

AssetImportParameters requested are different than current active one (requested -> active):
  custom:framework-win-MediaFoundation: 216162199b28c13a410421893ffa2e32 -> 
  custom:video-decoder-ogg-theora: a1e56fd34408186e4bbccfd4996cb3dc -> 
  custom:container-muxer-webm: aa71ff27fc2769a1b78a27578f13a17b -> 
  custom:container-demuxer-webm: 4f35f7cbe854078d1ac9338744f61a02 -> 
  custom:container-demuxer-ogg: 62fdf1f143b41e24485cea50d1cbac27 -> 
  custom:video-encoder-webm-vp8: eb34c28f22e8b96e1ab97ce403110664 -> 
  custom:video-decoder-webm-vp8: 9c59270c3fd7afecdb556c50c9e8de78 -> 
  custom:audio-decoder-ogg-vorbis: bf7c407c2cedff20999df2af8eb42d56 -> 
  custom:audio-encoder-webm-vorbis: bf7c407c2cedff20999df2af8eb42d56 -> 
========================================================================
Received Import Request.
  Time since last request: 47.144217 seconds.
  path: Assets/Prefabs/RedGem.prefab
  artifactKey: Guid(db8c7a0ea938dff44a6f840e7e733c5b) Importer(815301076,1909f56bfc062723c751e8b465ee728b)
Start importing Assets/Prefabs/RedGem.prefab using Guid(db8c7a0ea938dff44a6f840e7e733c5b) Importer(815301076,1909f56bfc062723c751e8b465ee728b)  -> (artifact id: '88aa2563a4bd6d937b3176d6b5f1a5e1') in 0.124471 seconds 
  Import took 0.131609 seconds .

========================================================================
Received Import Request.
  Time since last request: 24.827394 seconds.
  path: Assets/Prefabs/BlueGem.prefab
  artifactKey: Guid(41e5d453e606fb74f9bbba3ecbe5356b) Importer(815301076,1909f56bfc062723c751e8b465ee728b)
Start importing Assets/Prefabs/BlueGem.prefab using Guid(41e5d453e606fb74f9bbba3ecbe5356b) Importer(815301076,1909f56bfc062723c751e8b465ee728b)  -> (artifact id: '9257520fa7d7808652fd777076395b0d') in 0.028178 seconds 
  Import took 0.035593 seconds .

========================================================================
Received Import Request.
  Time since last request: 49.266304 seconds.
  path: Assets/Animations/anim.controller
  artifactKey: Guid(57b815a1244395c4f986e4f8d61ef917) Importer(815301076,1909f56bfc062723c751e8b465ee728b)
Start importing Assets/Animations/anim.controller using Guid(57b815a1244395c4f986e4f8d61ef917) Importer(815301076,1909f56bfc062723c751e8b465ee728b)  -> (artifact id: 'c482265b69b463d8630211bea1e77b4e') in 0.010053 seconds 
  Import took 0.016907 seconds .

========================================================================
Received Import Request.
  Time since last request: 2.738933 seconds.
  path: Assets/Animations/gem.controller
  artifactKey: Guid(57b815a1244395c4f986e4f8d61ef917) Importer(815301076,1909f56bfc062723c751e8b465ee728b)
Start importing Assets/Animations/gem.controller using Guid(57b815a1244395c4f986e4f8d61ef917) Importer(815301076,1909f56bfc062723c751e8b465ee728b)  -> (artifact id: 'b5c139b94d835602527bef4c0eff7f67') in 0.003930 seconds 
  Import took 0.009901 seconds .

========================================================================
Received Prepare
Registering precompiled user dll's ...
Registered in 0.003630 seconds.
Begin MonoManager ReloadAssembly
Native extension for WindowsStandalone target not found
Native extension for WebGL target not found
Refreshing native plugins compatible for Editor in 0.65 ms, found 3 plugins.
Preloading 0 native plugins for Editor in 0.00 ms.
Mono: successfully reloaded assembly
- Completed reload, in  1.693 seconds
Domain Reload Profiling:
	ReloadAssembly (1694ms)
		BeginReloadAssembly (208ms)
			ExecutionOrderSort (0ms)
			DisableScriptedObjects (11ms)
			BackupInstance (0ms)
			ReleaseScriptingObjects (0ms)
			CreateAndSetChildDomain (59ms)
		EndReloadAssembly (1372ms)
			LoadAssemblies (166ms)
			RebuildTransferFunctionScriptingTraits (0ms)
			SetupTypeCache (472ms)
			ReleaseScriptCaches (2ms)
			RebuildScriptCaches (76ms)
			SetupLoadedEditorAssemblies (493ms)
				LogAssemblyErrors (0ms)
				InitializePlatformSupportModulesInManaged (10ms)
				SetLoadedEditorAssemblies (1ms)
				RefreshPlugins (1ms)
				BeforeProcessingInitializeOnLoad (152ms)
				ProcessInitializeOnLoadAttributes (307ms)
				ProcessInitializeOnLoadMethodAttributes (9ms)
				AfterProcessingInitializeOnLoad (13ms)
				EditorAssembliesLoaded (0ms)
			ExecutionOrderSort2 (0ms)
			AwakeInstancesAfterBackupRestoration (17ms)
Platform modules already initialized, skipping
Refreshing native plugins compatible for Editor in 0.79 ms, found 3 plugins.
Preloading 0 native plugins for Editor in 0.00 ms.
Unloading 2090 Unused Serialized files (Serialized files now loaded: 0)
System memory in use before: 96.3 MB.
System memory in use after: 96.4 MB.

Unloading 14 unused Assets to reduce memory usage. Loaded Objects now: 2624.
Total: 5.470300 ms (FindLiveObjects: 0.292200 ms CreateObjectMapping: 0.139900 ms MarkObjects: 5.007100 ms  DeleteObjects: 0.029700 ms)

AssetImportParameters requested are different than current active one (requested -> active):
  custom:framework-win-MediaFoundation: 216162199b28c13a410421893ffa2e32 -> 
  custom:video-decoder-ogg-theora: a1e56fd34408186e4bbccfd4996cb3dc -> 
  custom:container-muxer-webm: aa71ff27fc2769a1b78a27578f13a17b -> 
  custom:container-demuxer-webm: 4f35f7cbe854078d1ac9338744f61a02 -> 
  custom:container-demuxer-ogg: 62fdf1f143b41e24485cea50d1cbac27 -> 
  custom:video-encoder-webm-vp8: eb34c28f22e8b96e1ab97ce403110664 -> 
  custom:video-decoder-webm-vp8: 9c59270c3fd7afecdb556c50c9e8de78 -> 
  custom:audio-decoder-ogg-vorbis: bf7c407c2cedff20999df2af8eb42d56 -> 
  custom:audio-encoder-webm-vorbis: bf7c407c2cedff20999df2af8eb42d56 -> 
========================================================================
Received Import Request.
  Time since last request: 105.473906 seconds.
  path: Assets/Prefabs/GreenGem.prefab
  artifactKey: Guid(5de873670f3a4404396dcad2bb70bd8e) Importer(815301076,1909f56bfc062723c751e8b465ee728b)
Start importing Assets/Prefabs/GreenGem.prefab using Guid(5de873670f3a4404396dcad2bb70bd8e) Importer(815301076,1909f56bfc062723c751e8b465ee728b)  -> (artifact id: '9ec2cac145f5e987709565c12b4168e8') in 0.099702 seconds 
  Import took 0.107063 seconds .

========================================================================
Received Import Request.
  Time since last request: 1.365803 seconds.
  path: Assets/Prefabs/RedGem.prefab
  artifactKey: Guid(db8c7a0ea938dff44a6f840e7e733c5b) Importer(815301076,1909f56bfc062723c751e8b465ee728b)
Start importing Assets/Prefabs/RedGem.prefab using Guid(db8c7a0ea938dff44a6f840e7e733c5b) Importer(815301076,1909f56bfc062723c751e8b465ee728b)  -> (artifact id: '9686f37d1684652656ffe40ad6ed56ca') in 0.030462 seconds 
  Import took 0.037761 seconds .

========================================================================
Received Prepare
Registering precompiled user dll's ...
Registered in 0.003622 seconds.
Begin MonoManager ReloadAssembly
Native extension for WindowsStandalone target not found
Native extension for WebGL target not found
Refreshing native plugins compatible for Editor in 0.65 ms, found 3 plugins.
Preloading 0 native plugins for Editor in 0.00 ms.
Mono: successfully reloaded assembly
- Completed reload, in  1.712 seconds
Domain Reload Profiling:
	ReloadAssembly (1713ms)
		BeginReloadAssembly (182ms)
			ExecutionOrderSort (0ms)
			DisableScriptedObjects (10ms)
			BackupInstance (0ms)
			ReleaseScriptingObjects (0ms)
			CreateAndSetChildDomain (51ms)
		EndReloadAssembly (1419ms)
			LoadAssemblies (156ms)
			RebuildTransferFunctionScriptingTraits (0ms)
			SetupTypeCache (499ms)
			ReleaseScriptCaches (1ms)
			RebuildScriptCaches (81ms)
			SetupLoadedEditorAssemblies (508ms)
				LogAssemblyErrors (0ms)
				InitializePlatformSupportModulesInManaged (11ms)
				SetLoadedEditorAssemblies (1ms)
				RefreshPlugins (1ms)
				BeforeProcessingInitializeOnLoad (153ms)
				ProcessInitializeOnLoadAttributes (320ms)
				ProcessInitializeOnLoadMethodAttributes (9ms)
				AfterProcessingInitializeOnLoad (14ms)
				EditorAssembliesLoaded (0ms)
			ExecutionOrderSort2 (0ms)
			AwakeInstancesAfterBackupRestoration (19ms)
Platform modules already initialized, skipping
Refreshing native plugins compatible for Editor in 0.72 ms, found 3 plugins.
Preloading 0 native plugins for Editor in 0.00 ms.
Unloading 2090 Unused Serialized files (Serialized files now loaded: 0)
System memory in use before: 96.3 MB.
System memory in use after: 96.4 MB.

Unloading 14 unused Assets to reduce memory usage. Loaded Objects now: 2628.
Total: 5.334200 ms (FindLiveObjects: 0.282100 ms CreateObjectMapping: 0.127300 ms MarkObjects: 4.896200 ms  DeleteObjects: 0.027100 ms)

AssetImportParameters requested are different than current active one (requested -> active):
  custom:framework-win-MediaFoundation: 216162199b28c13a410421893ffa2e32 -> 
  custom:video-decoder-ogg-theora: a1e56fd34408186e4bbccfd4996cb3dc -> 
  custom:container-muxer-webm: aa71ff27fc2769a1b78a27578f13a17b -> 
  custom:container-demuxer-webm: 4f35f7cbe854078d1ac9338744f61a02 -> 
  custom:container-demuxer-ogg: 62fdf1f143b41e24485cea50d1cbac27 -> 
  custom:video-encoder-webm-vp8: eb34c28f22e8b96e1ab97ce403110664 -> 
  custom:video-decoder-webm-vp8: 9c59270c3fd7afecdb556c50c9e8de78 -> 
  custom:audio-decoder-ogg-vorbis: bf7c407c2cedff20999df2af8eb42d56 -> 
  custom:audio-encoder-webm-vorbis: bf7c407c2cedff20999df2af8eb42d56 -> 
========================================================================
Received Prepare
Registering precompiled user dll's ...
Registered in 0.004421 seconds.
Begin MonoManager ReloadAssembly
Native extension for WindowsStandalone target not found
Native extension for WebGL target not found
Refreshing native plugins compatible for Editor in 0.81 ms, found 3 plugins.
Preloading 0 native plugins for Editor in 0.00 ms.
Mono: successfully reloaded assembly
- Completed reload, in  1.732 seconds
Domain Reload Profiling:
	ReloadAssembly (1733ms)
		BeginReloadAssembly (179ms)
			ExecutionOrderSort (0ms)
			DisableScriptedObjects (10ms)
			BackupInstance (0ms)
			ReleaseScriptingObjects (0ms)
			CreateAndSetChildDomain (50ms)
		EndReloadAssembly (1442ms)
			LoadAssemblies (151ms)
			RebuildTransferFunctionScriptingTraits (0ms)
			SetupTypeCache (517ms)
			ReleaseScriptCaches (1ms)
			RebuildScriptCaches (78ms)
			SetupLoadedEditorAssemblies (514ms)
				LogAssemblyErrors (0ms)
				InitializePlatformSupportModulesInManaged (10ms)
				SetLoadedEditorAssemblies (1ms)
				RefreshPlugins (1ms)
				BeforeProcessingInitializeOnLoad (155ms)
				ProcessInitializeOnLoadAttributes (325ms)
				ProcessInitializeOnLoadMethodAttributes (10ms)
				AfterProcessingInitializeOnLoad (13ms)
				EditorAssembliesLoaded (0ms)
			ExecutionOrderSort2 (0ms)
			AwakeInstancesAfterBackupRestoration (19ms)
Platform modules already initialized, skipping
Refreshing native plugins compatible for Editor in 0.66 ms, found 3 plugins.
Preloading 0 native plugins for Editor in 0.00 ms.
Unloading 2090 Unused Serialized files (Serialized files now loaded: 0)
System memory in use before: 96.3 MB.
System memory in use after: 96.4 MB.

Unloading 14 unused Assets to reduce memory usage. Loaded Objects now: 2631.
Total: 5.267200 ms (FindLiveObjects: 0.298700 ms CreateObjectMapping: 0.165200 ms MarkObjects: 4.772200 ms  DeleteObjects: 0.029500 ms)

AssetImportParameters requested are different than current active one (requested -> active):
  custom:framework-win-MediaFoundation: 216162199b28c13a410421893ffa2e32 -> 
  custom:video-decoder-ogg-theora: a1e56fd34408186e4bbccfd4996cb3dc -> 
  custom:container-muxer-webm: aa71ff27fc2769a1b78a27578f13a17b -> 
  custom:container-demuxer-webm: 4f35f7cbe854078d1ac9338744f61a02 -> 
  custom:container-demuxer-ogg: 62fdf1f143b41e24485cea50d1cbac27 -> 
  custom:video-encoder-webm-vp8: eb34c28f22e8b96e1ab97ce403110664 -> 
  custom:video-decoder-webm-vp8: 9c59270c3fd7afecdb556c50c9e8de78 -> 
  custom:audio-decoder-ogg-vorbis: bf7c407c2cedff20999df2af8eb42d56 -> 
  custom:audio-encoder-webm-vorbis: bf7c407c2cedff20999df2af8eb42d56 -> 
========================================================================
Received Import Request.
  Time since last request: 59.193266 seconds.
  path: Assets/Prefabs/BlueGem.prefab
  artifactKey: Guid(41e5d453e606fb74f9bbba3ecbe5356b) Importer(815301076,1909f56bfc062723c751e8b465ee728b)
Start importing Assets/Prefabs/BlueGem.prefab using Guid(41e5d453e606fb74f9bbba3ecbe5356b) Importer(815301076,1909f56bfc062723c751e8b465ee728b)  -> (artifact id: '54166a1c6dc93a45de339f20662510cf') in 0.102642 seconds 
  Import took 0.108483 seconds .

========================================================================
Received Import Request.
  Time since last request: 1.172241 seconds.
  path: Assets/Prefabs/GreenGem.prefab
  artifactKey: Guid(5de873670f3a4404396dcad2bb70bd8e) Importer(815301076,1909f56bfc062723c751e8b465ee728b)
Start importing Assets/Prefabs/GreenGem.prefab using Guid(5de873670f3a4404396dcad2bb70bd8e) Importer(815301076,1909f56bfc062723c751e8b465ee728b)  -> (artifact id: '01f669b530b603876d2b8b8c673016de') in 0.031407 seconds 
  Import took 0.037828 seconds .

========================================================================
Received Import Request.
  Time since last request: 0.567517 seconds.
  path: Assets/Prefabs/RedGem.prefab
  artifactKey: Guid(db8c7a0ea938dff44a6f840e7e733c5b) Importer(815301076,1909f56bfc062723c751e8b465ee728b)
Start importing Assets/Prefabs/RedGem.prefab using Guid(db8c7a0ea938dff44a6f840e7e733c5b) Importer(815301076,1909f56bfc062723c751e8b465ee728b)  -> (artifact id: '9b5639401971dd8f34930ac56d5865ad') in 0.031629 seconds 
  Import took 0.038180 seconds .

========================================================================
Received Prepare
Registering precompiled user dll's ...
Registered in 0.003836 seconds.
Begin MonoManager ReloadAssembly
Native extension for WindowsStandalone target not found
Native extension for WebGL target not found
Refreshing native plugins compatible for Editor in 0.64 ms, found 3 plugins.
Preloading 0 native plugins for Editor in 0.00 ms.
Mono: successfully reloaded assembly
- Completed reload, in  1.909 seconds
Domain Reload Profiling:
	ReloadAssembly (1910ms)
		BeginReloadAssembly (187ms)
			ExecutionOrderSort (0ms)
			DisableScriptedObjects (10ms)
			BackupInstance (0ms)
			ReleaseScriptingObjects (0ms)
			CreateAndSetChildDomain (53ms)
		EndReloadAssembly (1592ms)
			LoadAssemblies (154ms)
			RebuildTransferFunctionScriptingTraits (0ms)
			SetupTypeCache (553ms)
			ReleaseScriptCaches (2ms)
			RebuildScriptCaches (98ms)
			SetupLoadedEditorAssemblies (557ms)
				LogAssemblyErrors (0ms)
				InitializePlatformSupportModulesInManaged (10ms)
				SetLoadedEditorAssemblies (1ms)
				RefreshPlugins (1ms)
				BeforeProcessingInitializeOnLoad (168ms)
				ProcessInitializeOnLoadAttributes (356ms)
				ProcessInitializeOnLoadMethodAttributes (9ms)
				AfterProcessingInitializeOnLoad (12ms)
				EditorAssembliesLoaded (0ms)
			ExecutionOrderSort2 (0ms)
			AwakeInstancesAfterBackupRestoration (18ms)
Platform modules already initialized, skipping
Refreshing native plugins compatible for Editor in 0.70 ms, found 3 plugins.
Preloading 0 native plugins for Editor in 0.00 ms.
Unloading 2090 Unused Serialized files (Serialized files now loaded: 0)
System memory in use before: 96.3 MB.
System memory in use after: 96.5 MB.

Unloading 14 unused Assets to reduce memory usage. Loaded Objects now: 2635.
Total: 5.644800 ms (FindLiveObjects: 0.410600 ms CreateObjectMapping: 0.190700 ms MarkObjects: 5.013700 ms  DeleteObjects: 0.028300 ms)

AssetImportParameters requested are different than current active one (requested -> active):
  custom:framework-win-MediaFoundation: 216162199b28c13a410421893ffa2e32 -> 
  custom:video-decoder-ogg-theora: a1e56fd34408186e4bbccfd4996cb3dc -> 
  custom:container-muxer-webm: aa71ff27fc2769a1b78a27578f13a17b -> 
  custom:container-demuxer-webm: 4f35f7cbe854078d1ac9338744f61a02 -> 
  custom:container-demuxer-ogg: 62fdf1f143b41e24485cea50d1cbac27 -> 
  custom:video-encoder-webm-vp8: eb34c28f22e8b96e1ab97ce403110664 -> 
  custom:video-decoder-webm-vp8: 9c59270c3fd7afecdb556c50c9e8de78 -> 
  custom:audio-decoder-ogg-vorbis: bf7c407c2cedff20999df2af8eb42d56 -> 
  custom:audio-encoder-webm-vorbis: bf7c407c2cedff20999df2af8eb42d56 -> 
========================================================================
Received Prepare
Registering precompiled user dll's ...
Registered in 0.004417 seconds.
Begin MonoManager ReloadAssembly
Native extension for WindowsStandalone target not found
Native extension for WebGL target not found
Refreshing native plugins compatible for Editor in 0.72 ms, found 3 plugins.
Preloading 0 native plugins for Editor in 0.00 ms.
Mono: successfully reloaded assembly
- Completed reload, in  1.775 seconds
Domain Reload Profiling:
	ReloadAssembly (1776ms)
		BeginReloadAssembly (176ms)
			ExecutionOrderSort (0ms)
			DisableScriptedObjects (10ms)
			BackupInstance (0ms)
			ReleaseScriptingObjects (0ms)
			CreateAndSetChildDomain (51ms)
		EndReloadAssembly (1485ms)
			LoadAssemblies (150ms)
			RebuildTransferFunctionScriptingTraits (0ms)
			SetupTypeCache (512ms)
			ReleaseScriptCaches (1ms)
			RebuildScriptCaches (78ms)
			SetupLoadedEditorAssemblies (527ms)
				LogAssemblyErrors (0ms)
				InitializePlatformSupportModulesInManaged (10ms)
				SetLoadedEditorAssemblies (1ms)
				RefreshPlugins (1ms)
				BeforeProcessingInitializeOnLoad (159ms)
				ProcessInitializeOnLoadAttributes (334ms)
				ProcessInitializeOnLoadMethodAttributes (9ms)
				AfterProcessingInitializeOnLoad (12ms)
				EditorAssembliesLoaded (0ms)
			ExecutionOrderSort2 (0ms)
			AwakeInstancesAfterBackupRestoration (18ms)
Platform modules already initialized, skipping
Refreshing native plugins compatible for Editor in 0.65 ms, found 3 plugins.
Preloading 0 native plugins for Editor in 0.00 ms.
Unloading 2090 Unused Serialized files (Serialized files now loaded: 0)
System memory in use before: 96.3 MB.
System memory in use after: 96.5 MB.

Unloading 14 unused Assets to reduce memory usage. Loaded Objects now: 2638.
Total: 4.873500 ms (FindLiveObjects: 0.330800 ms CreateObjectMapping: 0.145800 ms MarkObjects: 4.365100 ms  DeleteObjects: 0.030300 ms)

AssetImportParameters requested are different than current active one (requested -> active):
  custom:framework-win-MediaFoundation: 216162199b28c13a410421893ffa2e32 -> 
  custom:video-decoder-ogg-theora: a1e56fd34408186e4bbccfd4996cb3dc -> 
  custom:container-muxer-webm: aa71ff27fc2769a1b78a27578f13a17b -> 
  custom:container-demuxer-webm: 4f35f7cbe854078d1ac9338744f61a02 -> 
  custom:container-demuxer-ogg: 62fdf1f143b41e24485cea50d1cbac27 -> 
  custom:video-encoder-webm-vp8: eb34c28f22e8b96e1ab97ce403110664 -> 
  custom:video-decoder-webm-vp8: 9c59270c3fd7afecdb556c50c9e8de78 -> 
  custom:audio-decoder-ogg-vorbis: bf7c407c2cedff20999df2af8eb42d56 -> 
  custom:audio-encoder-webm-vorbis: bf7c407c2cedff20999df2af8eb42d56 -> 
========================================================================
Received Prepare
Registering precompiled user dll's ...
Registered in 0.003610 seconds.
Begin MonoManager ReloadAssembly
Native extension for WindowsStandalone target not found
Native extension for WebGL target not found
Refreshing native plugins compatible for Editor in 0.70 ms, found 3 plugins.
Preloading 0 native plugins for Editor in 0.00 ms.
Mono: successfully reloaded assembly
- Completed reload, in  1.929 seconds
Domain Reload Profiling:
	ReloadAssembly (1930ms)
		BeginReloadAssembly (199ms)
			ExecutionOrderSort (0ms)
			DisableScriptedObjects (13ms)
			BackupInstance (0ms)
			ReleaseScriptingObjects (0ms)
			CreateAndSetChildDomain (56ms)
		EndReloadAssembly (1616ms)
			LoadAssemblies (175ms)
			RebuildTransferFunctionScriptingTraits (0ms)
			SetupTypeCache (480ms)
			ReleaseScriptCaches (1ms)
			RebuildScriptCaches (74ms)
			SetupLoadedEditorAssemblies (714ms)
				LogAssemblyErrors (0ms)
				InitializePlatformSupportModulesInManaged (12ms)
				SetLoadedEditorAssemblies (1ms)
				RefreshPlugins (1ms)
				BeforeProcessingInitializeOnLoad (156ms)
				ProcessInitializeOnLoadAttributes (516ms)
				ProcessInitializeOnLoadMethodAttributes (11ms)
				AfterProcessingInitializeOnLoad (17ms)
				EditorAssembliesLoaded (0ms)
			ExecutionOrderSort2 (0ms)
			AwakeInstancesAfterBackupRestoration (20ms)
Platform modules already initialized, skipping
Refreshing native plugins compatible for Editor in 0.71 ms, found 3 plugins.
Preloading 0 native plugins for Editor in 0.00 ms.
Unloading 2090 Unused Serialized files (Serialized files now loaded: 0)
System memory in use before: 96.3 MB.
System memory in use after: 96.5 MB.

Unloading 14 unused Assets to reduce memory usage. Loaded Objects now: 2641.
Total: 5.063600 ms (FindLiveObjects: 0.290600 ms CreateObjectMapping: 0.144200 ms MarkObjects: 4.593600 ms  DeleteObjects: 0.033100 ms)

AssetImportParameters requested are different than current active one (requested -> active):
  custom:framework-win-MediaFoundation: 216162199b28c13a410421893ffa2e32 -> 
  custom:video-decoder-ogg-theora: a1e56fd34408186e4bbccfd4996cb3dc -> 
  custom:container-muxer-webm: aa71ff27fc2769a1b78a27578f13a17b -> 
  custom:container-demuxer-webm: 4f35f7cbe854078d1ac9338744f61a02 -> 
  custom:container-demuxer-ogg: 62fdf1f143b41e24485cea50d1cbac27 -> 
  custom:video-encoder-webm-vp8: eb34c28f22e8b96e1ab97ce403110664 -> 
  custom:video-decoder-webm-vp8: 9c59270c3fd7afecdb556c50c9e8de78 -> 
  custom:audio-decoder-ogg-vorbis: bf7c407c2cedff20999df2af8eb42d56 -> 
  custom:audio-encoder-webm-vorbis: bf7c407c2cedff20999df2af8eb42d56 -> 
========================================================================
Received Prepare
Registering precompiled user dll's ...
Registered in 0.003615 seconds.
Begin MonoManager ReloadAssembly
Native extension for WindowsStandalone target not found
Native extension for WebGL target not found
Refreshing native plugins compatible for Editor in 0.68 ms, found 3 plugins.
Preloading 0 native plugins for Editor in 0.00 ms.
Mono: successfully reloaded assembly
- Completed reload, in  1.720 seconds
Domain Reload Profiling:
	ReloadAssembly (1721ms)
		BeginReloadAssembly (193ms)
			ExecutionOrderSort (0ms)
			DisableScriptedObjects (11ms)
			BackupInstance (0ms)
			ReleaseScriptingObjects (0ms)
			CreateAndSetChildDomain (54ms)
		EndReloadAssembly (1415ms)
			LoadAssemblies (166ms)
			RebuildTransferFunctionScriptingTraits (0ms)
			SetupTypeCache (492ms)
			ReleaseScriptCaches (1ms)
			RebuildScriptCaches (89ms)
			SetupLoadedEditorAssemblies (499ms)
				LogAssemblyErrors (0ms)
				InitializePlatformSupportModulesInManaged (10ms)
				SetLoadedEditorAssemblies (1ms)
				RefreshPlugins (1ms)
				BeforeProcessingInitializeOnLoad (150ms)
				ProcessInitializeOnLoadAttributes (315ms)
				ProcessInitializeOnLoadMethodAttributes (9ms)
				AfterProcessingInitializeOnLoad (12ms)
				EditorAssembliesLoaded (0ms)
			ExecutionOrderSort2 (0ms)
			AwakeInstancesAfterBackupRestoration (18ms)
Platform modules already initialized, skipping
Refreshing native plugins compatible for Editor in 0.70 ms, found 3 plugins.
Preloading 0 native plugins for Editor in 0.00 ms.
Unloading 2090 Unused Serialized files (Serialized files now loaded: 0)
System memory in use before: 96.4 MB.
System memory in use after: 96.5 MB.

Unloading 14 unused Assets to reduce memory usage. Loaded Objects now: 2644.
Total: 5.144700 ms (FindLiveObjects: 0.288600 ms CreateObjectMapping: 0.136000 ms MarkObjects: 4.688500 ms  DeleteObjects: 0.029900 ms)

AssetImportParameters requested are different than current active one (requested -> active):
  custom:framework-win-MediaFoundation: 216162199b28c13a410421893ffa2e32 -> 
  custom:video-decoder-ogg-theora: a1e56fd34408186e4bbccfd4996cb3dc -> 
  custom:container-muxer-webm: aa71ff27fc2769a1b78a27578f13a17b -> 
  custom:container-demuxer-webm: 4f35f7cbe854078d1ac9338744f61a02 -> 
  custom:container-demuxer-ogg: 62fdf1f143b41e24485cea50d1cbac27 -> 
  custom:video-encoder-webm-vp8: eb34c28f22e8b96e1ab97ce403110664 -> 
  custom:video-decoder-webm-vp8: 9c59270c3fd7afecdb556c50c9e8de78 -> 
  custom:audio-decoder-ogg-vorbis: bf7c407c2cedff20999df2af8eb42d56 -> 
  custom:audio-encoder-webm-vorbis: bf7c407c2cedff20999df2af8eb42d56 -> 
========================================================================
Received Prepare
Registering precompiled user dll's ...
Registered in 0.003784 seconds.
Begin MonoManager ReloadAssembly
Native extension for WindowsStandalone target not found
Native extension for WebGL target not found
Refreshing native plugins compatible for Editor in 1.00 ms, found 3 plugins.
Preloading 0 native plugins for Editor in 0.00 ms.
Mono: successfully reloaded assembly
- Completed reload, in  1.698 seconds
Domain Reload Profiling:
	ReloadAssembly (1699ms)
		BeginReloadAssembly (180ms)
			ExecutionOrderSort (0ms)
			DisableScriptedObjects (11ms)
			BackupInstance (0ms)
			ReleaseScriptingObjects (0ms)
			CreateAndSetChildDomain (55ms)
		EndReloadAssembly (1392ms)
			LoadAssemblies (157ms)
			RebuildTransferFunctionScriptingTraits (0ms)
			SetupTypeCache (481ms)
			ReleaseScriptCaches (1ms)
			RebuildScriptCaches (72ms)
			SetupLoadedEditorAssemblies (503ms)
				LogAssemblyErrors (0ms)
				InitializePlatformSupportModulesInManaged (10ms)
				SetLoadedEditorAssemblies (1ms)
				RefreshPlugins (1ms)
				BeforeProcessingInitializeOnLoad (151ms)
				ProcessInitializeOnLoadAttributes (319ms)
				ProcessInitializeOnLoadMethodAttributes (9ms)
				AfterProcessingInitializeOnLoad (12ms)
				EditorAssembliesLoaded (0ms)
			ExecutionOrderSort2 (0ms)
			AwakeInstancesAfterBackupRestoration (18ms)
Platform modules already initialized, skipping
Refreshing native plugins compatible for Editor in 0.78 ms, found 3 plugins.
Preloading 0 native plugins for Editor in 0.00 ms.
Unloading 2090 Unused Serialized files (Serialized files now loaded: 0)
System memory in use before: 96.4 MB.
System memory in use after: 96.5 MB.

Unloading 14 unused Assets to reduce memory usage. Loaded Objects now: 2647.
Total: 5.650300 ms (FindLiveObjects: 0.299600 ms CreateObjectMapping: 0.140900 ms MarkObjects: 5.180600 ms  DeleteObjects: 0.027400 ms)

AssetImportParameters requested are different than current active one (requested -> active):
  custom:framework-win-MediaFoundation: 216162199b28c13a410421893ffa2e32 -> 
  custom:video-decoder-ogg-theora: a1e56fd34408186e4bbccfd4996cb3dc -> 
  custom:container-muxer-webm: aa71ff27fc2769a1b78a27578f13a17b -> 
  custom:container-demuxer-webm: 4f35f7cbe854078d1ac9338744f61a02 -> 
  custom:container-demuxer-ogg: 62fdf1f143b41e24485cea50d1cbac27 -> 
  custom:video-encoder-webm-vp8: eb34c28f22e8b96e1ab97ce403110664 -> 
  custom:video-decoder-webm-vp8: 9c59270c3fd7afecdb556c50c9e8de78 -> 
  custom:audio-decoder-ogg-vorbis: bf7c407c2cedff20999df2af8eb42d56 -> 
  custom:audio-encoder-webm-vorbis: bf7c407c2cedff20999df2af8eb42d56 -> 
========================================================================
Received Prepare
Registering precompiled user dll's ...
Registered in 0.004982 seconds.
Begin MonoManager ReloadAssembly
Native extension for WindowsStandalone target not found
Native extension for WebGL target not found
Refreshing native plugins compatible for Editor in 0.63 ms, found 3 plugins.
Preloading 0 native plugins for Editor in 0.00 ms.
Mono: successfully reloaded assembly
- Completed reload, in  1.769 seconds
Domain Reload Profiling:
	ReloadAssembly (1770ms)
		BeginReloadAssembly (187ms)
			ExecutionOrderSort (0ms)
			DisableScriptedObjects (11ms)
			BackupInstance (0ms)
			ReleaseScriptingObjects (0ms)
			CreateAndSetChildDomain (61ms)
		EndReloadAssembly (1471ms)
			LoadAssemblies (156ms)
			RebuildTransferFunctionScriptingTraits (0ms)
			SetupTypeCache (517ms)
			ReleaseScriptCaches (1ms)
			RebuildScriptCaches (74ms)
			SetupLoadedEditorAssemblies (535ms)
				LogAssemblyErrors (0ms)
				InitializePlatformSupportModulesInManaged (12ms)
				SetLoadedEditorAssemblies (1ms)
				RefreshPlugins (1ms)
				BeforeProcessingInitializeOnLoad (162ms)
				ProcessInitializeOnLoadAttributes (337ms)
				ProcessInitializeOnLoadMethodAttributes (9ms)
				AfterProcessingInitializeOnLoad (13ms)
				EditorAssembliesLoaded (0ms)
			ExecutionOrderSort2 (0ms)
			AwakeInstancesAfterBackupRestoration (18ms)
Platform modules already initialized, skipping
Refreshing native plugins compatible for Editor in 0.65 ms, found 3 plugins.
Preloading 0 native plugins for Editor in 0.00 ms.
Unloading 2090 Unused Serialized files (Serialized files now loaded: 0)
System memory in use before: 96.4 MB.
System memory in use after: 96.5 MB.

Unloading 14 unused Assets to reduce memory usage. Loaded Objects now: 2650.
Total: 5.085600 ms (FindLiveObjects: 0.346300 ms CreateObjectMapping: 0.176100 ms MarkObjects: 4.534500 ms  DeleteObjects: 0.027400 ms)

AssetImportParameters requested are different than current active one (requested -> active):
  custom:framework-win-MediaFoundation: 216162199b28c13a410421893ffa2e32 -> 
  custom:video-decoder-ogg-theora: a1e56fd34408186e4bbccfd4996cb3dc -> 
  custom:container-muxer-webm: aa71ff27fc2769a1b78a27578f13a17b -> 
  custom:container-demuxer-webm: 4f35f7cbe854078d1ac9338744f61a02 -> 
  custom:container-demuxer-ogg: 62fdf1f143b41e24485cea50d1cbac27 -> 
  custom:video-encoder-webm-vp8: eb34c28f22e8b96e1ab97ce403110664 -> 
  custom:video-decoder-webm-vp8: 9c59270c3fd7afecdb556c50c9e8de78 -> 
  custom:audio-decoder-ogg-vorbis: bf7c407c2cedff20999df2af8eb42d56 -> 
  custom:audio-encoder-webm-vorbis: bf7c407c2cedff20999df2af8eb42d56 -> 
========================================================================
Received Prepare
Registering precompiled user dll's ...
Registered in 0.003650 seconds.
Begin MonoManager ReloadAssembly
Native extension for WindowsStandalone target not found
Native extension for WebGL target not found
Refreshing native plugins compatible for Editor in 0.66 ms, found 3 plugins.
Preloading 0 native plugins for Editor in 0.00 ms.
Mono: successfully reloaded assembly
- Completed reload, in  1.785 seconds
Domain Reload Profiling:
	ReloadAssembly (1786ms)
		BeginReloadAssembly (185ms)
			ExecutionOrderSort (0ms)
			DisableScriptedObjects (11ms)
			BackupInstance (0ms)
			ReleaseScriptingObjects (0ms)
			CreateAndSetChildDomain (51ms)
		EndReloadAssembly (1485ms)
			LoadAssemblies (157ms)
			RebuildTransferFunctionScriptingTraits (0ms)
			SetupTypeCache (528ms)
			ReleaseScriptCaches (1ms)
			RebuildScriptCaches (77ms)
			SetupLoadedEditorAssemblies (539ms)
				LogAssemblyErrors (0ms)
				InitializePlatformSupportModulesInManaged (10ms)
				SetLoadedEditorAssemblies (1ms)
				RefreshPlugins (1ms)
				BeforeProcessingInitializeOnLoad (162ms)
				ProcessInitializeOnLoadAttributes (343ms)
				ProcessInitializeOnLoadMethodAttributes (9ms)
				AfterProcessingInitializeOnLoad (12ms)
				EditorAssembliesLoaded (0ms)
			ExecutionOrderSort2 (0ms)
			AwakeInstancesAfterBackupRestoration (18ms)
Platform modules already initialized, skipping
Refreshing native plugins compatible for Editor in 0.68 ms, found 3 plugins.
Preloading 0 native plugins for Editor in 0.00 ms.
Unloading 2090 Unused Serialized files (Serialized files now loaded: 0)
System memory in use before: 96.4 MB.
System memory in use after: 96.5 MB.

Unloading 14 unused Assets to reduce memory usage. Loaded Objects now: 2653.
Total: 4.813300 ms (FindLiveObjects: 0.324500 ms CreateObjectMapping: 0.163200 ms MarkObjects: 4.296000 ms  DeleteObjects: 0.028200 ms)

AssetImportParameters requested are different than current active one (requested -> active):
  custom:framework-win-MediaFoundation: 216162199b28c13a410421893ffa2e32 -> 
  custom:video-decoder-ogg-theora: a1e56fd34408186e4bbccfd4996cb3dc -> 
  custom:container-muxer-webm: aa71ff27fc2769a1b78a27578f13a17b -> 
  custom:container-demuxer-webm: 4f35f7cbe854078d1ac9338744f61a02 -> 
  custom:container-demuxer-ogg: 62fdf1f143b41e24485cea50d1cbac27 -> 
  custom:video-encoder-webm-vp8: eb34c28f22e8b96e1ab97ce403110664 -> 
  custom:video-decoder-webm-vp8: 9c59270c3fd7afecdb556c50c9e8de78 -> 
  custom:audio-decoder-ogg-vorbis: bf7c407c2cedff20999df2af8eb42d56 -> 
  custom:audio-encoder-webm-vorbis: bf7c407c2cedff20999df2af8eb42d56 -> 
========================================================================
Received Prepare
Registering precompiled user dll's ...
Registered in 1.028509 seconds.
Begin MonoManager ReloadAssembly
Native extension for WindowsStandalone target not found
Native extension for WebGL target not found
Refreshing native plugins compatible for Editor in 0.71 ms, found 3 plugins.
Preloading 0 native plugins for Editor in 0.00 ms.
Mono: successfully reloaded assembly
- Completed reload, in 11.696 seconds
Domain Reload Profiling:
	ReloadAssembly (11697ms)
		BeginReloadAssembly (4522ms)
			ExecutionOrderSort (0ms)
			DisableScriptedObjects (11ms)
			BackupInstance (0ms)
			ReleaseScriptingObjects (0ms)
			CreateAndSetChildDomain (53ms)
		EndReloadAssembly (7067ms)
			LoadAssemblies (8646ms)
			RebuildTransferFunctionScriptingTraits (0ms)
			SetupTypeCache (1742ms)
			ReleaseScriptCaches (2ms)
			RebuildScriptCaches (76ms)
			SetupLoadedEditorAssemblies (730ms)
				LogAssemblyErrors (0ms)
				InitializePlatformSupportModulesInManaged (10ms)
				SetLoadedEditorAssemblies (1ms)
				RefreshPlugins (1ms)
				BeforeProcessingInitializeOnLoad (184ms)
				ProcessInitializeOnLoadAttributes (512ms)
				ProcessInitializeOnLoadMethodAttributes (10ms)
				AfterProcessingInitializeOnLoad (12ms)
				EditorAssembliesLoaded (0ms)
			ExecutionOrderSort2 (0ms)
			AwakeInstancesAfterBackupRestoration (19ms)
Platform modules already initialized, skipping
Refreshing native plugins compatible for Editor in 0.64 ms, found 3 plugins.
Preloading 0 native plugins for Editor in 0.00 ms.
Unloading 2090 Unused Serialized files (Serialized files now loaded: 0)
System memory in use before: 96.4 MB.
System memory in use after: 96.5 MB.

Unloading 14 unused Assets to reduce memory usage. Loaded Objects now: 2656.
Total: 5.143800 ms (FindLiveObjects: 0.295600 ms CreateObjectMapping: 0.139900 ms MarkObjects: 4.676100 ms  DeleteObjects: 0.030600 ms)

AssetImportParameters requested are different than current active one (requested -> active):
  custom:framework-win-MediaFoundation: 216162199b28c13a410421893ffa2e32 -> 
  custom:video-decoder-ogg-theora: a1e56fd34408186e4bbccfd4996cb3dc -> 
  custom:container-muxer-webm: aa71ff27fc2769a1b78a27578f13a17b -> 
  custom:container-demuxer-webm: 4f35f7cbe854078d1ac9338744f61a02 -> 
  custom:container-demuxer-ogg: 62fdf1f143b41e24485cea50d1cbac27 -> 
  custom:video-encoder-webm-vp8: eb34c28f22e8b96e1ab97ce403110664 -> 
  custom:video-decoder-webm-vp8: 9c59270c3fd7afecdb556c50c9e8de78 -> 
  custom:audio-decoder-ogg-vorbis: bf7c407c2cedff20999df2af8eb42d56 -> 
  custom:audio-encoder-webm-vorbis: bf7c407c2cedff20999df2af8eb42d56 -> 
AssetImportWorkerClient::OnTransportError - code=2 error=End of file
